<?xml version="1.0" encoding="utf-8"?>
<ValueSet xmlns="http://hl7.org/fhir">
  <id value="97bdbf1d-d3df-4fd9-90e1-5ba9826e25b7" />
  <meta>
    <versionId value="1" />
    <lastUpdated value="2020-03-26T13:20:05.681+00:00" />
  </meta>
  <language value="pt-BR" />
  <url value="http://www.saude.gov.br/fhir/r4/ValueSet/BRCategoriaExame-1.0" />
  <version value="1.0" />
  <name value="Categoria do Exame" />
  <status value="active" />
  <experimental value="false" />
  <date value="2020-03-26T13:20:04.5290649+00:00" />
  <publisher value="Ministério da Saúde do Brasil" />
  <description value="Categoriza exames ou testes utilizando os subgrupos do grupo 02 - Procedimentos com finalidade diagnóstica da Tabela SUS." />
  <immutable value="false" />
  <compose>
    <include>
      <system value="http://www.saude.gov.br/fhir/r4/CodeSystem/BRSubgrupoTabelaSUS" />
      <version value="*" />
    </include>
  </compose>
</ValueSet>