<?xml version="1.0" encoding="utf-8"?>
<ValueSet xmlns="http://hl7.org/fhir">
  <id value="b103deaf-ba1b-4041-8fca-bb617c92cefd" />
  <meta>
    <versionId value="1" />
    <lastUpdated value="2020-03-11T19:15:53.631+00:00" />
  </meta>
  <language value="pt-BR" />
  <url value="http://www.saude.gov.br/fhir/r4/ValueSet/BRComponenteAssistenciaFarmaceutica-1.0" />
  <version value="1.0" />
  <name value="Componente da Assistência Farmacêutica" />
  <status value="active" />
  <experimental value="false" />
  <date value="2020-03-11T19:16:14.109669+00:00" />
  <publisher value="Ministério da Saúde do Brasil" />
  <description value="Classifica o componente da assistência farmacêutica o qual o produto dispensado é vinculado." />
  <immutable value="false" />
  <compose>
    <include>
      <system value="http://www.saude.gov.br/fhir/r4/CodeSystem/BRComponenteAssistenciaFarmaceutica" />
      <version value="*" />
    </include>
  </compose>
</ValueSet>