<?xml version="1.0" encoding="utf-8"?>
<ValueSet xmlns="http://hl7.org/fhir">
  <id value="2fc05498-136e-40fc-8cd7-0107fc263cb4" />
  <meta>
    <versionId value="1" />
    <lastUpdated value="2020-03-12T13:09:15.734+00:00" />
  </meta>
  <language value="pt-BR" />
  <url value="http://www.saude.gov.br/fhir/r4/ValueSet/BREstadoEvento-1.0" />
  <version value="1.0" />
  <name value="Estado do Evento" />
  <status value="active" />
  <experimental value="false" />
  <date value="2020-03-12T13:09:14.0477661+00:00" />
  <publisher value="Ministério da Saúde do Brasil" />
  <description value="Identificação do estado de um evento." />
  <immutable value="false" />
  <compose>
    <include>
      <system value="http://hl7.org/fhir/event-status" />
      <version value="*" />
      <concept>
        <code value="preparation" />
        <display value="Solicitado" />
      </concept>
      <concept>
        <code value="on-hold" />
        <display value="Suspenso" />
      </concept>
      <concept>
        <code value="completed" />
        <display value="Concluído" />
      </concept>
      <concept>
        <code value="entered-in-error" />
        <display value="Cancelado por informação errada" />
      </concept>
    </include>
  </compose>
</ValueSet>