<?xml version="1.0" encoding="utf-8"?>
<ValueSet xmlns="http://hl7.org/fhir">
  <id value="0ce8fa7d-c8bd-40be-8f80-9a5c771a1fa1" />
  <meta>
    <versionId value="1" />
    <lastUpdated value="2020-03-12T13:09:34.063+00:00" />
  </meta>
  <language value="pt-BR" />
  <url value="http://www.saude.gov.br/fhir/r4/ValueSet/BREstadoMedicamentoLista-1.0" />
  <version value="1.0" />
  <name value="Estados do Medicamento numa Lista." />
  <status value="active" />
  <experimental value="false" />
  <date value="2020-03-12T13:09:33.1414314+00:00" />
  <publisher value="Ministério da Saúde do Brasil" />
  <description value="Classifica os estados de um medicamento em uma lista." />
  <immutable value="false" />
  <compose>
    <include>
      <system value="http://www.saude.gov.br/fhir/r4/CodeSystem/BREstadoMedicamentoLista" />
      <version value="*" />
    </include>
  </compose>
</ValueSet>