<?xml version="1.0" encoding="utf-8"?>
<ValueSet xmlns="http://hl7.org/fhir">
  <id value="ec67a2de-69ce-4746-81e8-53cf9d67ec49" />
  <meta>
    <versionId value="1" />
    <lastUpdated value="2020-03-11T19:16:23.536+00:00" />
  </meta>
  <language value="pt-BR" />
  <url value="http://www.saude.gov.br/fhir/r4/ValueSet/BREstadoCivil-1.0" />
  <version value="1.0" />
  <name value="Estado Civil" />
  <status value="active" />
  <experimental value="false" />
  <date value="2020-03-11T19:16:44.0248651+00:00" />
  <publisher value="Ministério da Saúde do Brasil" />
  <description value="Complexo das qualidades de um indivíudo referentes à ordem pública, à ordem privada e à ordem física do ser humano. Refere-se, assim, à cidadania, à família, e à capacidade civil." />
  <immutable value="false" />
  <compose>
    <include>
      <system value="http://hl7.org/fhir/ValueSet/marital-status" />
      <version value="*" />
      <concept>
        <code value="U" />
        <display value="Solteiro(a)" />
      </concept>
      <concept>
        <code value="M" />
        <display value="Casado(a)" />
      </concept>
      <concept>
        <code value="L" />
        <display value="Divorciado(a)" />
      </concept>
      <concept>
        <code value="D" />
        <display value="Separado(a)" />
      </concept>
      <concept>
        <code value="W" />
        <display value="Viuvo(a)" />
      </concept>
      <concept>
        <code value="T" />
        <display value="Em união estável" />
      </concept>
    </include>
  </compose>
</ValueSet>