<?xml version="1.0" encoding="utf-8"?>
<ValueSet xmlns="http://hl7.org/fhir">
  <id value="9b198cd0-7e0d-4b07-81ce-3fc4ad4ea4fc" />
  <meta>
    <versionId value="1" />
    <lastUpdated value="2020-03-11T19:16:42.908+00:00" />
  </meta>
  <language value="pt-BR" />
  <url value="http://www.saude.gov.br/fhir/r4/ValueSet/BREstadoContatoAssistencial-1.0" />
  <version value="1.0" />
  <name value="Estado do Contato Assistencial" />
  <status value="active" />
  <experimental value="false" />
  <date value="2020-03-11T19:17:03.3891262+00:00" />
  <publisher value="Ministério da Saúde do Brasil" />
  <description value="Classifica o estado de um Contato Assistencial." />
  <immutable value="false" />
  <compose>
    <include>
      <system value="http://hl7.org/fhir/encounter-status" />
      <version value="*" />
      <concept>
        <code value="finished" />
        <display value="Contato Assistencial finalizado ou concluído" />
      </concept>
      <concept>
        <code value="entered-in-error" />
        <display value="Contato Assistencial anulado por informação errada" />
      </concept>
    </include>
  </compose>
</ValueSet>