<?xml version="1.0" encoding="utf-8"?>
<ValueSet xmlns="http://hl7.org/fhir">
  <id value="ff3b68ef-31be-43d5-b67c-c6fc58023ada" />
  <meta>
    <versionId value="1" />
    <lastUpdated value="2020-03-11T19:16:52.563+00:00" />
  </meta>
  <language value="pt-BR" />
  <url value="http://www.saude.gov.br/fhir/r4/ValueSet/BRDocumentoEstado-1.0" />
  <version value="1.0" />
  <name value="Estados de um documento" />
  <status value="active" />
  <experimental value="false" />
  <date value="2020-03-11T19:17:13.0134868+00:00" />
  <publisher value="Ministério da Saúde do Brasil" />
  <description value="Classifica o estado de um documento." />
  <immutable value="false" />
  <compose>
    <include>
      <system value="http://hl7.org/fhir/composition-status" />
      <version value="*" />
      <concept>
        <code value="final" />
        <display value="Finalizado ou concluído" />
      </concept>
      <concept>
        <code value="entered-in-error" />
        <display value="Cancelado por informação errada" />
      </concept>
    </include>
  </compose>
</ValueSet>