<?xml version="1.0" encoding="utf-8"?>
<ValueSet xmlns="http://hl7.org/fhir">
  <id value="e31530fb-a84f-4b78-a4fb-e1aa5563209d" />
  <meta>
    <versionId value="1" />
    <lastUpdated value="2020-03-12T13:10:39.321+00:00" />
  </meta>
  <language value="pt-BR" />
  <url value="http://www.saude.gov.br/fhir/r4/ValueSet/BRFinanciamento-1.0" />
  <version value="1.0" />
  <name value="Financiamento do procedimento realizado" />
  <status value="active" />
  <experimental value="false" />
  <date value="2020-03-12T13:10:38.3145222+00:00" />
  <publisher value="Ministério da Saúde do Brasil" />
  <description value="Descreve o agente, instituição ou entidade responsável por custear as ações e serviços de saúde." />
  <immutable value="false" />
  <compose>
    <include>
      <system value="http://www.saude.gov.br/fhir/r4/CodeSystem/BRFinanciamento" />
      <version value="*" />
    </include>
  </compose>
</ValueSet>