<?xml version="1.0" encoding="utf-8"?>
<ValueSet xmlns="http://hl7.org/fhir">
  <id value="9a088dc5-24f3-4b88-ad7e-d6de6f9009b0" />
  <meta>
    <versionId value="1" />
    <lastUpdated value="2020-03-11T19:17:31.552+00:00" />
  </meta>
  <language value="pt-BR" />
  <url value="http://www.saude.gov.br/fhir/r4/ValueSet/BRMunicipio-1.0" />
  <version value="1.0" />
  <name value="Município" />
  <status value="active" />
  <experimental value="false" />
  <date value="2020-03-11T19:17:52.0302375+00:00" />
  <publisher value="Ministério da Saúde do Brasil" />
  <description value="Municípios brasileiros, entes subnacionais." />
  <immutable value="false" />
  <compose>
    <include>
      <system value="http://www.saude.gov.br/fhir/r4/CodeSystem/BRDivisaoGeograficaBrasil" />
      <version value="*" />
      <filter>
        <property value="type" />
        <op value="=" />
        <value value="city" />
      </filter>
    </include>
  </compose>
</ValueSet>