<?xml version="1.0" encoding="utf-8"?>
<ValueSet xmlns="http://hl7.org/fhir">
  <id value="48d377af-24ad-4c4e-956b-0f46f6f75235" />
  <meta>
    <versionId value="1" />
    <lastUpdated value="2020-03-12T13:22:07.236+00:00" />
  </meta>
  <language value="pt-BR" />
  <url value="http://www.saude.gov.br/fhir/r4/ValueSet/BROcupacao-1.0" />
  <version value="1.0" />
  <name value="Classificação Brasileira de Ocupações - CBO" />
  <status value="active" />
  <experimental value="false" />
  <date value="2020-03-12T13:22:05.8261152+00:00" />
  <publisher value="Ministério do Trabalho e Emprego do Brasil" />
  <description value="Classifica as profissões do mercado de trabalho brasileiro." />
  <immutable value="false" />
  <compose>
    <include>
      <system value="http://www.saude.gov.br/fhir/r4/CodeSystem/BRCBO" />
      <version value="*" />
    </include>
  </compose>
</ValueSet>