<?xml version="1.0" encoding="utf-8"?>
<ValueSet xmlns="http://hl7.org/fhir">
  <id value="3a3b680d-f151-402c-816f-7fc4e668ce7e" />
  <meta>
    <versionId value="1" />
    <lastUpdated value="2020-03-12T13:23:17.38+00:00" />
  </meta>
  <language value="pt-BR" />
  <url value="http://www.saude.gov.br/fhir/r4/ValueSet/BRParentesco-1.0" />
  <version value="1.0" />
  <name value="Parentesco" />
  <status value="active" />
  <experimental value="false" />
  <date value="2020-03-12T13:23:16.6535149+00:00" />
  <publisher value="Ministério da Saúde do Brasil" />
  <description value="Classificação da relação familiar entre indivíduos." />
  <immutable value="false" />
  <compose>
    <include>
      <system value="http://www.saude.gov.br/fhir/r4/CodeSystem/BRParentesco" />
      <version value="*" />
    </include>
  </compose>
</ValueSet>