<?xml version="1.0" encoding="utf-8"?>
<ValueSet xmlns="http://hl7.org/fhir">
  <id value="96967653-45a0-4a82-a621-3e2c0bbcbe5e" />
  <meta>
    <versionId value="1" />
    <lastUpdated value="2020-03-12T13:23:07.188+00:00" />
  </meta>
  <language value="pt-BR" />
  <url value="http://www.saude.gov.br/fhir/r4/ValueSet/BRPais-1.0" />
  <version value="1.0" />
  <name value="País" />
  <status value="active" />
  <experimental value="false" />
  <date value="2020-03-12T13:23:06.4653101+00:00" />
  <publisher value="Ministério da Saúde do Brasil" />
  <description value="Códigos para representação de países." />
  <immutable value="false" />
  <compose>
    <include>
      <system value="http://www.saude.gov.br/fhir/r4/CodeSystem/BRPais" />
    </include>
  </compose>
</ValueSet>