<?xml version="1.0" encoding="utf-8"?>
<ValueSet xmlns="http://hl7.org/fhir">
  <id value="09c88d55-d830-443b-92c3-e763f70fca1c" />
  <meta>
    <versionId value="1" />
    <lastUpdated value="2020-03-12T13:23:45.982+00:00" />
  </meta>
  <language value="pt-BR" />
  <url value="http://www.saude.gov.br/fhir/r4/ValueSet/BRProcedencia-1.0" />
  <version value="1.0" />
  <name value="Procedência do Contato Assistencial" />
  <status value="active" />
  <experimental value="false" />
  <date value="2020-03-12T13:23:45.1685886+00:00" />
  <publisher value="Ministério da Saúde do Brasil" />
  <description value="Classifica o serviço que encaminhou o indivíduo ou a sua iniciativa/de seu responsável na busca pelo acesso ao serviço de saúde." />
  <immutable value="false" />
  <compose>
    <include>
      <system value="http://www.saude.gov.br/fhir/r4/CodeSystem/BRProcedencia" />
      <version value="*" />
    </include>
  </compose>
</ValueSet>