<?xml version="1.0" encoding="utf-8"?>
<ValueSet xmlns="http://hl7.org/fhir">
  <id value="04e15b9e-7dc5-4455-ae70-d3f8e677b7f8" />
  <meta>
    <versionId value="2" />
    <lastUpdated value="2020-03-26T13:21:39.813+00:00" />
  </meta>
  <language value="pt-BR" />
  <url value="http://www.saude.gov.br/fhir/r4/ValueSet/BRResultadoQualitativoExame-1.0" />
  <version value="201701A" />
  <name value="Resultado Qualitativo do Exame" />
  <status value="active" />
  <experimental value="false" />
  <date value="2020-03-26T13:21:38.6543319+00:00" />
  <publisher value="Ministério da Saúde do Brasil" />
  <description value="ValueSet utilizado para definir o valor atribuído ao resultado de um exame laboratorial realizado por método de análise qualitativo." />
  <immutable value="false" />
  <compose>
    <include>
      <system value="http://www.saude.gov.br/fhir/r4/CodeSystem/BRResultadoQualitativoExame" />
      <version value="*" />
    </include>
  </compose>
</ValueSet>