<?xml version="1.0" encoding="utf-8"?>
<ValueSet xmlns="http://hl7.org/fhir">
  <id value="0435568a-87c9-4abc-bd16-c0bd1b864f5e" />
  <meta>
    <versionId value="1" />
    <lastUpdated value="2020-03-12T14:50:48.276+00:00" />
  </meta>
  <language value="pt-BR" />
  <url value="http://www.saude.gov.br/fhir/r4/ValueSet/BRTipoLogradouro-1.0" />
  <version value="1.0" />
  <name value="Tipo de Logradouro" />
  <status value="active" />
  <experimental value="false" />
  <date value="2020-03-12T14:50:47.8940392+00:00" />
  <publisher value="Ministério da Saúde do Brasil" />
  <description value="Classifica o tipo de logradouro." />
  <immutable value="false" />
  <compose>
    <include>
      <system value="http://www.saude.gov.br/fhir/r4/CodeSystem/BRTipoLogradouro" />
      <version value="*" />
    </include>
  </compose>
</ValueSet>