<?xml version="1.0" encoding="utf-8"?>
<ValueSet xmlns="http://hl7.org/fhir">
  <id value="1a066aa4-fc70-433d-b921-a028eedb887f" />
  <meta>
    <versionId value="1" />
    <lastUpdated value="2020-03-12T13:27:41.438+00:00" />
  </meta>
  <language value="pt-BR" />
  <url value="http://www.saude.gov.br/fhir/r4/ValueSet/BRTipoEstabelecimentoSaude-1.0" />
  <version value="1.0" />
  <name value="Tipo de Estabelecimento de Saúde" />
  <status value="active" />
  <experimental value="false" />
  <date value="2020-03-12T13:27:40.6996671+00:00" />
  <publisher value="Ministério da Saúde do Brasil" />
  <description value="ValueSet utilizado para classificar o tipo de estabelecimento de saúde." />
  <immutable value="false" />
  <compose>
    <include>
      <system value="http://www.saude.gov.br/fhir/r4/CodeSystem/BRTipoEstabelecimentoSaude" />
      <version value="*" />
    </include>
  </compose>
</ValueSet>