<?xml version="1.0" encoding="utf-8"?>
<ValueSet xmlns="http://hl7.org/fhir">
  <id value="5cca3c66-0ea2-4b0c-ba9c-8da8afee6cc5" />
  <meta>
    <versionId value="1" />
    <lastUpdated value="2020-03-12T14:50:59.86+00:00" />
  </meta>
  <language value="pt-BR" />
  <url value="http://www.saude.gov.br/fhir/r4/ValueSet/BRTipoObservcacao-1.0" />
  <version value="1.0" />
  <name value="Tipo de Observação" />
  <status value="active" />
  <experimental value="false" />
  <date value="2020-03-12T14:50:59.5025981+00:00" />
  <publisher value="Ministério da Saúde do Brasil" />
  <description value="Tipo de Observação." />
  <immutable value="false" />
  <compose>
    <include>
      <system value="http://www.saude.gov.br/fhir/r4/CodeSystem/BRTipoObservacao" />
      <version value="*" />
    </include>
    <include>
      <system value="http://www.saude.gov.br/fhir/r4/CodeSystem/BRTabelaSUS" />
      <version value="*" />
      <concept>
        <code value="0301100039" />
      </concept>
    </include>
  </compose>
</ValueSet>