<?xml version="1.0" encoding="utf-8"?>
<ValueSet xmlns="http://hl7.org/fhir">
  <id value="89e824af-e311-4a30-b724-3bcebea6132c" />
  <meta>
    <versionId value="1" />
    <lastUpdated value="2020-03-12T13:27:33.411+00:00" />
  </meta>
  <language value="pt-BR" />
  <url value="http://www.saude.gov.br/fhir/r4/ValueSet/BRTipoDocumentoIndividuo-1.0" />
  <version value="1.0" />
  <name value="Tipo de Documento do Indivíduo" />
  <status value="active" />
  <experimental value="false" />
  <date value="2020-03-12T13:27:32.6850777+00:00" />
  <publisher value="Ministério da Saúde do Brasil" />
  <description value="Classifica o tipo de documento que está sendo utilizado para identificar o indivíduo." />
  <immutable value="false" />
  <compose>
    <include>
      <system value="http://terminology.hl7.org/CodeSystem/v2-0203" />
      <version value="*" />
      <concept>
        <code value="HC" />
        <display value="Número do Cartão Nacional de Saúde (CNS)" />
      </concept>
      <concept>
        <code value="RRI" />
        <display value="Número do Registro Geral (RG)" />
      </concept>
      <concept>
        <code value="MCT" />
        <display value="Número da Certidão de Casamento" />
      </concept>
      <concept>
        <code value="PPN" />
        <display value="Número do Passaporte" />
      </concept>
      <concept>
        <code value="RN" />
        <display value="Número de inscrição no Conselho Regional de Enfermagem (COREn)" />
      </concept>
      <concept>
        <code value="SS" />
        <display value="Número de Identificação Social (NIS/PIS/PASEP)" />
      </concept>
      <concept>
        <code value="DL" />
        <display value="Número da Carteira Nacional de Habilitação (CNH)" />
      </concept>
      <concept>
        <code value="BCT" />
        <display value="Número do Documento de Nascido Vivo (DN/DNV)" />
      </concept>
      <concept>
        <code value="BR" />
        <display value="Número da Certidão de Nascimento" />
      </concept>
      <concept>
        <code value="IND" />
        <display value="Número da Certidão de Índio" />
      </concept>
      <concept>
        <code value="MI" />
        <display value="Número do Certificado de Reservista" />
      </concept>
      <concept>
        <code value="MD" />
        <display value="Número de inscrição no Conselho Regional de Medicina (CRM)" />
      </concept>
      <concept>
        <code value="DDS" />
        <display value="Número de inscrição no Conselho Regional Odontologia (CRO)" />
      </concept>
      <concept>
        <code value="TAX" />
        <display value="Número de inscrição no Cadastro de Pessoas Físicas (CPF)" />
      </concept>
    </include>
    <include>
      <system value="http://www.saude.gov.br/fhir/r4/CodeSystem/BRTipoIdentificador" />
      <version value="*" />
    </include>
    <exclude>
      <system value="http://www.saude.gov.br/fhir/r4/CodeSystem/BRTipoIdentificador" />
      <version value="*" />
      <concept>
        <code value="AUTH" />
      </concept>
    </exclude>
  </compose>
</ValueSet>