<?xml version="1.0" encoding="utf-8"?>
<ValueSet xmlns="http://hl7.org/fhir">
  <id value="1b332d55-f549-4e89-b6cd-ce8b57a1fb5e" />
  <meta>
    <versionId value="1" />
    <lastUpdated value="2020-03-12T14:51:30.617+00:00" />
  </meta>
  <language value="pt-BR" />
  <url value="http://www.saude.gov.br/fhir/r4/ValueSet/BRViaAdministracao-1.0" />
  <version value="1.0" />
  <name value="Via de Administração do Imunobiológico" />
  <status value="active" />
  <experimental value="false" />
  <date value="2020-03-12T14:51:30.2531733+00:00" />
  <publisher value="Ministério da Saúde do Brasil" />
  <description value="Via de administração de um imunobiológico." />
  <immutable value="false" />
  <compose>
    <include>
      <system value="http://www.saude.gov.br/fhir/r4/CodeSystem/BRViaAdministracao" />
      <version value="*" />
    </include>
  </compose>
</ValueSet>