<?xml version="1.0" encoding="utf-8"?>
<StructureDefinition xmlns="http://hl7.org/fhir">
  <id value="66fe4a9e-184c-435c-ac3e-680bac8346cf" />
  <meta>
    <versionId value="1" />
    <lastUpdated value="2020-03-13T18:06:58.391+00:00" />
  </meta>
  <language value="pt-BR" />
  <url value="http://www.saude.gov.br/fhir/r4/StructureDefinition/BRIndicadorPresencaAdmissao-1.0" />
  <version value="1.0" />
  <name value="BRIndicadorPresencaAdmissao" />
  <title value="Indicador de Presença na Admissão" />
  <status value="active" />
  <date value="2020-03-13T18:07:22.5395965Z" />
  <publisher value="Ministério da Saúde do Brasil" />
  <description value="Extensão para a informação do Indicador de Presença na Admissão." />
  <purpose value="O Indicador de Presença na Admissão é utilizado para identifica se um problema/diagnóstico é previamente conhecido na admissão de um indivíduo no contato assistencial." />
  <fhirVersion value="4.0.0" />
  <kind value="complex-type" />
  <abstract value="false" />
  <context>
    <type value="element" />
    <expression value="Encounter.reasonReference" />
  </context>
  <context>
    <type value="element" />
    <expression value="Encounter.diagnosis" />
  </context>
  <type value="Extension" />
  <baseDefinition value="http://hl7.org/fhir/StructureDefinition/Extension" />
  <derivation value="constraint" />
  <differential>
    <element id="Extension">
      <path value="Extension" />
      <short value="Indicador de Presença na Admissão" />
      <definition value="Identifica se o problema/diagnóstico é previamente conhecido na admissão do indivíduo para o contato assistencial. Utilizar true para Sim, false para Não e null para Desconhecido." />
      <max value="1" />
    </element>
    <element id="Extension.url">
      <path value="Extension.url" />
      <fixedUri value="http://www.saude.gov.br/fhir/r4/StructureDefinition/BRIndicadorPresencaAdmissao-1.0" />
    </element>
    <element id="Extension.value[x]">
      <path value="Extension.value[x]" />
      <min value="1" />
      <type>
        <code value="boolean" />
      </type>
    </element>
  </differential>
</StructureDefinition>