<?xml version="1.0" encoding="utf-8"?>
<StructureDefinition xmlns="http://hl7.org/fhir">
  <id value="99cf9dff-6287-43b4-9aa3-9b9a02772e05" />
  <meta>
    <versionId value="1" />
    <lastUpdated value="2020-03-11T03:42:05.154+00:00" />
  </meta>
  <language value="pt-BR" />
  <url value="http://www.saude.gov.br/fhir/r4/StructureDefinition/BRIndividuoNaoIdentificado-1.0" />
  <version value="1.0" />
  <name value="BRIndividuoNaoIdentificado" />
  <title value="Informações Complementares de Indivíduos Não Identificados" />
  <status value="active" />
  <experimental value="false" />
  <date value="2020-03-11T03:42:04.5654018Z" />
  <publisher value="Ministério da Saúde do Brasil" />
  <description value="Informações complementares necessárias ao Contato Assistencial na hipótese do indivíduo não poder ser identificado." />
  <purpose value="Deve ser utilizado sempre nas hipóteses legais previstas na Port. nº 84/SAS/MS/1997 e na Port. nº02/SAS/SGEP/MS/2012, situações onde é impossível identificar o indivíduo durante o Contato Assistencial." />
  <fhirVersion value="4.0.0" />
  <kind value="complex-type" />
  <abstract value="false" />
  <context>
    <type value="element" />
    <expression value="Composition.subject" />
  </context>
  <context>
    <type value="element" />
    <expression value="Encounter.subject" />
  </context>
  <context>
    <type value="element" />
    <expression value="Condition.subject" />
  </context>
  <context>
    <type value="element" />
    <expression value="Procedure.subject" />
  </context>
  <type value="Extension" />
  <baseDefinition value="http://hl7.org/fhir/StructureDefinition/Extension" />
  <derivation value="constraint" />
  <differential>
    <element id="Extension">
      <path value="Extension" />
      <short value="Indivíduo não identificado" />
      <definition value="Informações demográficas básicas e justificativa dos indivíduos que não podem ser identificados por razões clínicas ou sociais, conforme legislação brasileira, com finalidade estatística." />
      <max value="1" />
      <isModifier value="false" />
    </element>
    <element id="Extension.extension">
      <path value="Extension.extension" />
      <slicing>
        <discriminator>
          <type value="value" />
          <path value="url" />
        </discriminator>
        <rules value="open" />
      </slicing>
    </element>
    <element id="Extension.extension:gender">
      <path value="Extension.extension" />
      <sliceName value="gender" />
      <short value="Sexo" />
      <definition value="Sexo biológico obtido por meio de exame clínico ou de outros métodos diagnósticos referente ao indivíduo da hipótese de impossibilidade de identificação." />
      <min value="1" />
      <max value="1" />
      <binding>
        <strength value="required" />
        <valueSet value="http://www.saude.gov.br/fhir/r4/ValueSet/BRSexo-1.0" />
      </binding>
    </element>
    <element id="Extension.extension:gender.url">
      <path value="Extension.extension.url" />
      <fixedUri value="gender" />
    </element>
    <element id="Extension.extension:gender.value[x]">
      <path value="Extension.extension.value[x]" />
      <min value="1" />
      <type>
        <code value="code" />
      </type>
    </element>
    <element id="Extension.extension:birthYear">
      <path value="Extension.extension" />
      <sliceName value="birthYear" />
      <short value="Ano de nascimento estimado" />
      <definition value="Estimativa do ano de nascimento por meio de observação direta da idade do indivíduo na hipótese de impossibilidade de identificação.." />
      <min value="1" />
      <max value="1" />
    </element>
    <element id="Extension.extension:birthYear.url">
      <path value="Extension.extension.url" />
      <fixedUri value="birthYear" />
    </element>
    <element id="Extension.extension:birthYear.value[x]">
      <path value="Extension.extension.value[x]" />
      <min value="1" />
      <type>
        <code value="date" />
      </type>
    </element>
    <element id="Extension.extension:reason">
      <path value="Extension.extension" />
      <sliceName value="reason" />
      <short value="Justificativa da Impossibilidade de Identificar o Indivíduo" />
      <definition value="Razão pela qual não foi possível obter os dados de identificação do indivíduo no contato assistencial." />
      <min value="1" />
      <max value="1" />
      <binding>
        <strength value="required" />
        <description value="Justificativa da Impossibilidade de Identificar o Indivíduo" />
        <valueSet value="http://www.saude.gov.br/fhir/r4/ValueSet/BRJustificativaIndividuoNaoIdentificado-1.0" />
      </binding>
    </element>
    <element id="Extension.extension:reason.url">
      <path value="Extension.extension.url" />
      <fixedUri value="reason" />
    </element>
    <element id="Extension.extension:reason.value[x]">
      <path value="Extension.extension.value[x]" />
      <min value="1" />
      <type>
        <code value="CodeableConcept" />
      </type>
    </element>
    <element id="Extension.url">
      <path value="Extension.url" />
      <fixedUri value="http://www.saude.gov.br/fhir/r4/StructureDefinition/BRIndividuoNaoIdentificado-1.0" />
    </element>
    <element id="Extension.value[x]">
      <path value="Extension.value[x]" />
      <max value="0" />
    </element>
  </differential>
</StructureDefinition>