<?xml version="1.0" encoding="utf-8"?>
<StructureDefinition xmlns="http://hl7.org/fhir">
  <id value="209cde9a-5393-4f3d-b456-294c954ea6fc" />
  <meta>
    <versionId value="7" />
    <lastUpdated value="2020-03-11T11:33:54.769+00:00" />
  </meta>
  <language value="pt-BR" />
  <url value="http://www.saude.gov.br/fhir/r4/StructureDefinition/BRNaturalizacao-1.0" />
  <version value="1.0" />
  <name value="BRNaturalizacao" />
  <title value="Dados de Naturalização" />
  <status value="active" />
  <date value="2020-03-11T11:34:13.9129444Z" />
  <publisher value="Ministério da Saúde do Brasil" />
  <description value="Extensão para as informações de naturalização de um indivíduo." />
  <fhirVersion value="4.0.0" />
  <kind value="complex-type" />
  <abstract value="false" />
  <context>
    <type value="element" />
    <expression value="Patient" />
  </context>
  <type value="Extension" />
  <baseDefinition value="http://hl7.org/fhir/StructureDefinition/Extension" />
  <derivation value="constraint" />
  <differential>
    <element id="Extension">
      <path value="Extension" />
      <short value="Dados de Naturalização" />
      <definition value="Informações sobre a naturalização de um indivíduo." />
    </element>
    <element id="Extension.extension">
      <path value="Extension.extension" />
      <slicing>
        <discriminator>
          <type value="value" />
          <path value="url" />
        </discriminator>
        <rules value="open" />
      </slicing>
    </element>
    <element id="Extension.extension:arrival">
      <path value="Extension.extension" />
      <sliceName value="arrival" />
      <short value="Data de Chegada" />
      <definition value="Data da chegada ao país." />
      <max value="1" />
    </element>
    <element id="Extension.extension:arrival.url">
      <path value="Extension.extension.url" />
      <fixedUri value="arrival" />
    </element>
    <element id="Extension.extension:arrival.value[x]">
      <path value="Extension.extension.value[x]" />
      <min value="1" />
      <type>
        <code value="date" />
      </type>
    </element>
    <element id="Extension.extension:whenNaturalized">
      <path value="Extension.extension" />
      <sliceName value="whenNaturalized" />
      <short value="Data de Naturalização" />
      <definition value="Data em que o indivíduo foi naturalizado no país." />
      <min value="1" />
      <max value="1" />
    </element>
    <element id="Extension.extension:whenNaturalized.url">
      <path value="Extension.extension.url" />
      <fixedUri value="whenNaturalized" />
    </element>
    <element id="Extension.extension:whenNaturalized.value[x]">
      <path value="Extension.extension.value[x]" />
      <min value="1" />
      <type>
        <code value="date" />
      </type>
    </element>
    <element id="Extension.extension:ordinanceNaturalize">
      <path value="Extension.extension" />
      <sliceName value="ordinanceNaturalize" />
      <short value="Portaria de Naturalização" />
      <definition value="Portaria que naturalizou o indivíduo. Utilizar preferencialmente a sintaxe Portaria nº NNN/ORGAO/YYYY, DOU de DD/MM/YYYY, onde NNN é o número da Portaria, ORGAO é a estrutura da hierarquia do órgão que publicou (ex.: SE/MS, para atos publicados pela Secretaria Executiva do Ministério da Saúde), YYYY é o ano da publicação, DD/MM/YYYY é a data em que a Portaria foi publicada no DOU." />
      <min value="1" />
      <max value="1" />
    </element>
    <element id="Extension.extension:ordinanceNaturalize.url">
      <path value="Extension.extension.url" />
      <fixedUri value="ordinanceNaturalize" />
    </element>
    <element id="Extension.extension:ordinanceNaturalize.value[x]">
      <path value="Extension.extension.value[x]" />
      <min value="1" />
      <type>
        <code value="string" />
      </type>
    </element>
    <element id="Extension.url">
      <path value="Extension.url" />
      <fixedUri value="http://www.saude.gov.br/fhir/r4/StructureDefinition/BRNaturalizacao-1.0" />
    </element>
    <element id="Extension.value[x]">
      <path value="Extension.value[x]" />
      <max value="0" />
    </element>
  </differential>
</StructureDefinition>