<?xml version="1.0" encoding="utf-8"?>
<StructureDefinition xmlns="http://hl7.org/fhir">
  <id value="5c5fda9d-ec53-45be-8a3b-4dc669318e9e" />
  <meta>
    <versionId value="1" />
    <lastUpdated value="2020-03-13T20:26:38.572+00:00" />
  </meta>
  <language value="pt-BR" />
  <url value="http://www.saude.gov.br/fhir/r4/StructureDefinition/BRPais-1.0" />
  <version value="1.0" />
  <name value="BRPais" />
  <title value="País" />
  <status value="active" />
  <date value="2020-03-13T20:27:02.663564Z" />
  <publisher value="Ministério da Saúde do Brasil" />
  <description value="Extensão para representar um país." />
  <purpose value="Identificar origem, nacionalidade, região etc." />
  <fhirVersion value="4.0.0" />
  <kind value="complex-type" />
  <abstract value="false" />
  <context>
    <type value="element" />
    <expression value="Patient" />
  </context>
  <type value="Extension" />
  <baseDefinition value="http://hl7.org/fhir/StructureDefinition/Extension" />
  <derivation value="constraint" />
  <differential>
    <element id="Extension">
      <path value="Extension" />
      <short value="País" />
    </element>
    <element id="Extension.url">
      <path value="Extension.url" />
      <fixedUri value="http://www.saude.gov.br/fhir/r4/StructureDefinition/BRPais-1.0" />
    </element>
    <element id="Extension.value[x]">
      <path value="Extension.value[x]" />
      <min value="1" />
      <type>
        <code value="CodeableConcept" />
      </type>
      <binding>
        <strength value="required" />
        <description value="País" />
        <valueSet value="http://www.saude.gov.br/fhir/r4/ValueSet/BRPais-1.0" />
      </binding>
    </element>
    <element id="Extension.value[x].coding">
      <path value="Extension.value[x].coding" />
      <min value="1" />
      <max value="1" />
    </element>
    <element id="Extension.value[x].coding.system">
      <path value="Extension.value[x].coding.system" />
      <min value="1" />
    </element>
    <element id="Extension.value[x].coding.code">
      <path value="Extension.value[x].coding.code" />
      <min value="1" />
    </element>
    <element id="Extension.value[x].coding.display">
      <path value="Extension.value[x].coding.display" />
      <max value="0" />
    </element>
    <element id="Extension.value[x].coding.userSelected">
      <path value="Extension.value[x].coding.userSelected" />
      <max value="0" />
    </element>
    <element id="Extension.value[x].text">
      <path value="Extension.value[x].text" />
      <max value="0" />
    </element>
  </differential>
</StructureDefinition>