<?xml version="1.0" encoding="utf-8"?>
<StructureDefinition xmlns="http://hl7.org/fhir">
  <id value="ee0344fa-7d1d-488d-9356-479b885bfedd" />
  <meta>
    <versionId value="2" />
    <lastUpdated value="2020-03-13T19:59:52.564+00:00" />
  </meta>
  <language value="pt-BR" />
  <url value="http://www.saude.gov.br/fhir/r4/StructureDefinition/BRQuantidade-1.0" />
  <version value="1.0" />
  <name value="BRQuantidade" />
  <title value="Quantidade" />
  <status value="active" />
  <date value="2020-03-13T20:00:16.006533Z" />
  <publisher value="Ministério da Saúde do Brasil" />
  <description value="Extensão para identificar quantidades." />
  <fhirVersion value="4.0.0" />
  <kind value="complex-type" />
  <abstract value="false" />
  <context>
    <type value="element" />
    <expression value="Procedure" />
  </context>
  <type value="Extension" />
  <baseDefinition value="http://hl7.org/fhir/StructureDefinition/Extension" />
  <derivation value="constraint" />
  <differential>
    <element id="Extension">
      <path value="Extension" />
      <short value="Quantidade" />
      <definition value="Identifica quantidades." />
    </element>
    <element id="Extension.url">
      <path value="Extension.url" />
      <fixedUri value="http://www.saude.gov.br/fhir/r4/StructureDefinition/BRQuantidade-1.0" />
    </element>
    <element id="Extension.value[x]">
      <path value="Extension.value[x]" />
      <min value="1" />
      <type>
        <code value="decimal" />
      </type>
      <type>
        <code value="integer" />
      </type>
      <type>
        <code value="positiveInt" />
      </type>
      <type>
        <code value="unsignedInt" />
      </type>
    </element>
  </differential>
</StructureDefinition>