<?xml version="1.0" encoding="utf-8"?>
<CodeSystem xmlns="http://hl7.org/fhir">
  <id value="3dfdcc76-dfe4-46fb-859b-48d2f9d04c9f" />
  <meta>
    <versionId value="2" />
    <lastUpdated value="2020-03-11T19:10:05.066+00:00" />
  </meta>
  <language value="pt-BR" />
  <url value="http://www.saude.gov.br/fhir/r4/CodeSystem/BRCIAP2" />
  <version value="201701A" />
  <name value="Classificação Internacional de Atenção Primária - Segunda Edição - CIAP2" />
  <status value="active" />
  <experimental value="false" />
  <date value="2020-03-11T19:10:21.0842411+00:00" />
  <publisher value="Ministério da Saúde do Brasil" />
  <description value="Classifica os problemas identificados no contato assistencial pelos profissionais de saúde, os motivos da contato assistencial e as respostas propostas pela equipe seguindo a sistematização SOAP." />
  <content value="complete" />
  <concept>
    <code value="A01" />
    <display value="Dor generalizada /múltipla" />
  </concept>
  <concept>
    <code value="A02" />
    <display value="Arrepios/ calafrios" />
  </concept>
  <concept>
    <code value="A03" />
    <display value="Febre" />
  </concept>
  <concept>
    <code value="A04" />
    <display value="Debilidade/cansaço geral/fadiga" />
  </concept>
  <concept>
    <code value="A05" />
    <display value="Sentir-se doente" />
  </concept>
  <concept>
    <code value="A06" />
    <display value="Desmaio/síncope" />
  </concept>
  <concept>
    <code value="A07" />
    <display value="Coma" />
  </concept>
  <concept>
    <code value="A08" />
    <display value="Inchaço" />
  </concept>
  <concept>
    <code value="A09" />
    <display value="Problemas de sudorese" />
  </concept>
  <concept>
    <code value="A10" />
    <display value="Sangramento/Hemorragia NE" />
  </concept>
  <concept>
    <code value="A11" />
    <display value="Dores torácicas NE" />
  </concept>
  <concept>
    <code value="A13" />
    <display value="Receio/Medo do tratamento" />
  </concept>
  <concept>
    <code value="A16" />
    <display value="Criança irritável" />
  </concept>
  <concept>
    <code value="A18" />
    <display value="Preocupação com aparência" />
  </concept>
  <concept>
    <code value="A20" />
    <display value="Pedido/discussão eutanásia" />
  </concept>
  <concept>
    <code value="A21" />
    <display value="Fator de risco de malignidade" />
  </concept>
  <concept>
    <code value="A23" />
    <display value="Fator de risco NE" />
  </concept>
  <concept>
    <code value="A25" />
    <display value="Medo de morrer/medo da morte" />
  </concept>
  <concept>
    <code value="A26" />
    <display value="Medo de câncer NE" />
  </concept>
  <concept>
    <code value="A27" />
    <display value="Medo de outra doença NE" />
  </concept>
  <concept>
    <code value="A28" />
    <display value="Limitação funcional/incapacidade NE" />
  </concept>
  <concept>
    <code value="A29" />
    <display value="Outros sinais/sintomas gerais" />
  </concept>
  <concept>
    <code value="A70" />
    <display value="Tuberculose" />
  </concept>
  <concept>
    <code value="A71" />
    <display value="Sarampo" />
  </concept>
  <concept>
    <code value="A72" />
    <display value="Varicela" />
  </concept>
  <concept>
    <code value="A73" />
    <display value="Malária" />
  </concept>
  <concept>
    <code value="A74" />
    <display value="Rubéola" />
  </concept>
  <concept>
    <code value="A75" />
    <display value="Mononucleose infecciosa" />
  </concept>
  <concept>
    <code value="A76" />
    <display value="Outro exantema viral" />
  </concept>
  <concept>
    <code value="A77" />
    <display value="Dengue e outras doenças virais NE" />
  </concept>
  <concept>
    <code value="A78" />
    <display value="Hanseníase e outras doenças infecciosas NE" />
  </concept>
  <concept>
    <code value="A79" />
    <display value="Carcinomatose (localização primária desconhecida)" />
  </concept>
  <concept>
    <code value="A80" />
    <display value="Lesão traumática/acidente NE" />
  </concept>
  <concept>
    <code value="A81" />
    <display value="Politraumatismos/ferimentos múltiplos" />
  </concept>
  <concept>
    <code value="A82" />
    <display value="Efeito secundário de lesão traumática" />
  </concept>
  <concept>
    <code value="A84" />
    <display value="Intoxicação por medicamento" />
  </concept>
  <concept>
    <code value="A85" />
    <display value="Efeito adverso de fármaco dose correta" />
  </concept>
  <concept>
    <code value="A86" />
    <display value="Efeito tóxico de substância não medicinal" />
  </concept>
  <concept>
    <code value="A87" />
    <display value="Complicações de tratamento médico" />
  </concept>
  <concept>
    <code value="A88" />
    <display value="Efeito adverso de fator físico" />
  </concept>
  <concept>
    <code value="A89" />
    <display value="Efeito da prótese" />
  </concept>
  <concept>
    <code value="A90" />
    <display value="Malformação congênita NE/múltiplas" />
  </concept>
  <concept>
    <code value="A91" />
    <display value="Investigação com resultado anormal NE" />
  </concept>
  <concept>
    <code value="A92" />
    <display value="Alergia/reação alérgica NE" />
  </concept>
  <concept>
    <code value="A93" />
    <display value="Recém nascido prematuro" />
  </concept>
  <concept>
    <code value="A94" />
    <display value="Morbidade perinatal, outra" />
  </concept>
  <concept>
    <code value="A95" />
    <display value="Mortalidade perinatal" />
  </concept>
  <concept>
    <code value="A96" />
    <display value="Morte" />
  </concept>
  <concept>
    <code value="A97" />
    <display value="Sem doença" />
  </concept>
  <concept>
    <code value="A98" />
    <display value="Medicina preventiva/manutenção da saúde" />
  </concept>
  <concept>
    <code value="A99" />
    <display value="Outras doenças gerais NE" />
  </concept>
  <concept>
    <code value="B02" />
    <display value="Gânglio linfático aumentado/doloroso" />
  </concept>
  <concept>
    <code value="B04" />
    <display value="Sinais/sintomas sangue" />
  </concept>
  <concept>
    <code value="B25" />
    <display value="Medo de VIH/ HIV/SIDA/ AIDS" />
  </concept>
  <concept>
    <code value="B26" />
    <display value="Medo de câncer no sangue/linfático" />
  </concept>
  <concept>
    <code value="B27" />
    <display value="Medo de outras doenças do sangue /vasos linfáticos" />
  </concept>
  <concept>
    <code value="B28" />
    <display value="Limitação funcional/incapacidade" />
  </concept>
  <concept>
    <code value="B29" />
    <display value="Outros sinais/ sintomas do sangue/ sistema linfático/ baço NE" />
  </concept>
  <concept>
    <code value="B70" />
    <display value="Linfadenite aguda" />
  </concept>
  <concept>
    <code value="B71" />
    <display value="Linfadenite crónica NE" />
  </concept>
  <concept>
    <code value="B72" />
    <display value="Doença de Hodgkin/linfomas" />
  </concept>
  <concept>
    <code value="B73" />
    <display value="Leucemia" />
  </concept>
  <concept>
    <code value="B74" />
    <display value="Outra neoplasia maligna no sangue" />
  </concept>
  <concept>
    <code value="B75" />
    <display value="Neoplasia benigna NE" />
  </concept>
  <concept>
    <code value="B76" />
    <display value="Rotura traumática do baço" />
  </concept>
  <concept>
    <code value="B77" />
    <display value="Outras lesões traumáticas do sangue/linfa/baço" />
  </concept>
  <concept>
    <code value="B78" />
    <display value="Anemia hemolítica hereditária" />
  </concept>
  <concept>
    <code value="B79" />
    <display value="Outra malformação congênita do sangue/linfática" />
  </concept>
  <concept>
    <code value="B80" />
    <display value="Anemia por deficiência de ferro" />
  </concept>
  <concept>
    <code value="B81" />
    <display value="Anemia perniciosa/deficiência de folatos" />
  </concept>
  <concept>
    <code value="B82" />
    <display value="Outras anemias NE" />
  </concept>
  <concept>
    <code value="B83" />
    <display value="Púrpura/defeitos de coagulação" />
  </concept>
  <concept>
    <code value="B84" />
    <display value="Glóbulos brancos anormais" />
  </concept>
  <concept>
    <code value="B87" />
    <display value="Esplenomegalia" />
  </concept>
  <concept>
    <code value="B90" />
    <display value="Infecção por VIH/ HIV/SIDA/ AIDS" />
  </concept>
  <concept>
    <code value="B99" />
    <display value="Outra doença do sangue/linfáticos/baço" />
  </concept>
  <concept>
    <code value="D01" />
    <display value="Dor abdominal generalizada/cólicas" />
  </concept>
  <concept>
    <code value="D02" />
    <display value="Dores abdominais, epigástricas" />
  </concept>
  <concept>
    <code value="D03" />
    <display value="Azia/ Queimação" />
  </concept>
  <concept>
    <code value="D04" />
    <display value="Dor anal/retal" />
  </concept>
  <concept>
    <code value="D05" />
    <display value="Irritação perianal" />
  </concept>
  <concept>
    <code value="D06" />
    <display value="Outras dores abdominais localizadas" />
  </concept>
  <concept>
    <code value="D07" />
    <display value="Dispepsia/indigestão" />
  </concept>
  <concept>
    <code value="D08" />
    <display value="Flatulência /gases/eructações" />
  </concept>
  <concept>
    <code value="D09" />
    <display value="Náusea" />
  </concept>
  <concept>
    <code value="D10" />
    <display value="Vomito" />
  </concept>
  <concept>
    <code value="D11" />
    <display value="Diarreia" />
  </concept>
  <concept>
    <code value="D12" />
    <display value="Obstipação" />
  </concept>
  <concept>
    <code value="D13" />
    <display value="Icterícia" />
  </concept>
  <concept>
    <code value="D14" />
    <display value="Hematêmese/vómito sangue" />
  </concept>
  <concept>
    <code value="D15" />
    <display value="Melena" />
  </concept>
  <concept>
    <code value="D16" />
    <display value="Hemorragia retal" />
  </concept>
  <concept>
    <code value="D17" />
    <display value="Incontinência fecal" />
  </concept>
  <concept>
    <code value="D18" />
    <display value="Alterações nas fezes/mov. intestinais" />
  </concept>
  <concept>
    <code value="D19" />
    <display value="Sinais/sintomas dos dentes/gengivas" />
  </concept>
  <concept>
    <code value="D20" />
    <display value="Sinais/sintomas da boca/língua/lábios" />
  </concept>
  <concept>
    <code value="D21" />
    <display value="Problemas de deglutição" />
  </concept>
  <concept>
    <code value="D23" />
    <display value="Hepatomegalia" />
  </concept>
  <concept>
    <code value="D24" />
    <display value="Massa abdominal NE" />
  </concept>
  <concept>
    <code value="D25" />
    <display value="Distensão abdominal" />
  </concept>
  <concept>
    <code value="D26" />
    <display value="Medo de câncer no aparelho digestivo" />
  </concept>
  <concept>
    <code value="D27" />
    <display value="Medo de outras doenças aparelho digestivo" />
  </concept>
  <concept>
    <code value="D28" />
    <display value="Limitação funcional/incapacidade" />
  </concept>
  <concept>
    <code value="D29" />
    <display value="Outros sinais/sintomas digestivos" />
  </concept>
  <concept>
    <code value="D70" />
    <display value="Infecção gastrointestinal" />
  </concept>
  <concept>
    <code value="D71" />
    <display value="Caxumba/parotidite epidêmica" />
  </concept>
  <concept>
    <code value="D72" />
    <display value="Hepatite viral" />
  </concept>
  <concept>
    <code value="D73" />
    <display value="Gastroenterite, presumível infecção" />
  </concept>
  <concept>
    <code value="D74" />
    <display value="Neoplasia maligna do estômago" />
  </concept>
  <concept>
    <code value="D75" />
    <display value="Neoplasia maligna do cólon/reto" />
  </concept>
  <concept>
    <code value="D76" />
    <display value="Neoplasia maligna do pâncreas" />
  </concept>
  <concept>
    <code value="D77" />
    <display value="Neoplasia maligna do aparelho digestivo NE" />
  </concept>
  <concept>
    <code value="D78" />
    <display value="Neoplasia benigna do aparelho digestivo/incerta" />
  </concept>
  <concept>
    <code value="D79" />
    <display value="Corpo estranho no aparelho digestivo" />
  </concept>
  <concept>
    <code value="D80" />
    <display value="Outras lesões traumáticas" />
  </concept>
  <concept>
    <code value="D81" />
    <display value="Malformações congênitas do aparelho digestivo" />
  </concept>
  <concept>
    <code value="D82" />
    <display value="Doença dos dentes/gengivas" />
  </concept>
  <concept>
    <code value="D83" />
    <display value="Doença da boca/língua/lábios" />
  </concept>
  <concept>
    <code value="D84" />
    <display value="Doença do esôfago" />
  </concept>
  <concept>
    <code value="D85" />
    <display value="Úlcera do duodeno" />
  </concept>
  <concept>
    <code value="D86" />
    <display value="Úlcera péptica, outra" />
  </concept>
  <concept>
    <code value="D87" />
    <display value="Alterações funcionais estômago" />
  </concept>
  <concept>
    <code value="D88" />
    <display value="Apendicite" />
  </concept>
  <concept>
    <code value="D89" />
    <display value="Hérnia inguinal" />
  </concept>
  <concept>
    <code value="D90" />
    <display value="Hérnia de hiato /diafragmática" />
  </concept>
  <concept>
    <code value="D91" />
    <display value="Hérnia abdominal, outras" />
  </concept>
  <concept>
    <code value="D92" />
    <display value="Doença diverticular intestinal" />
  </concept>
  <concept>
    <code value="D93" />
    <display value="Síndrome do cólon irritável" />
  </concept>
  <concept>
    <code value="D94" />
    <display value="Enterite crónica/colite ulcerosa" />
  </concept>
  <concept>
    <code value="D95" />
    <display value="Fissura anal / abcesso perianal" />
  </concept>
  <concept>
    <code value="D96" />
    <display value="Lombrigas /outros parasitas" />
  </concept>
  <concept>
    <code value="D97" />
    <display value="Doenças do fígado /NE" />
  </concept>
  <concept>
    <code value="D98" />
    <display value="Colecistite, colelitiase" />
  </concept>
  <concept>
    <code value="D99" />
    <display value="Outra doença do aparelho digestivo" />
  </concept>
  <concept>
    <code value="F01" />
    <display value="Dor no olho" />
  </concept>
  <concept>
    <code value="F02" />
    <display value="Olho vermelho" />
  </concept>
  <concept>
    <code value="F03" />
    <display value="Secreção ocular" />
  </concept>
  <concept>
    <code value="F04" />
    <display value="Moscas volantes/pontos luminosos/escotomas/ manchas" />
  </concept>
  <concept>
    <code value="F05" />
    <display value="Outras perturbações visuais" />
  </concept>
  <concept>
    <code value="F13" />
    <display value="Sensações oculares anormais" />
  </concept>
  <concept>
    <code value="F14" />
    <display value="Movimentos oculares anormais" />
  </concept>
  <concept>
    <code value="F15" />
    <display value="Aparência anormal nos olhos" />
  </concept>
  <concept>
    <code value="F16" />
    <display value="Sinais/sintomas das pálpebras" />
  </concept>
  <concept>
    <code value="F17" />
    <display value="Sinais/sintomas relacionados a óculos" />
  </concept>
  <concept>
    <code value="F18" />
    <display value="Sinais/sintomas relacionados a lentes de contato" />
  </concept>
  <concept>
    <code value="F27" />
    <display value="Medo de doença ocular" />
  </concept>
  <concept>
    <code value="F28" />
    <display value="Limitação funcional/incapacidade" />
  </concept>
  <concept>
    <code value="F29" />
    <display value="Outros sinais/sintomas oculares" />
  </concept>
  <concept>
    <code value="F70" />
    <display value="Conjuntivite infecciosa" />
  </concept>
  <concept>
    <code value="F71" />
    <display value="Conjuntivite alérgica" />
  </concept>
  <concept>
    <code value="F72" />
    <display value="Blefarite/hordéolo/calázio" />
  </concept>
  <concept>
    <code value="F73" />
    <display value="Outras infecções/inflamações oculares" />
  </concept>
  <concept>
    <code value="F74" />
    <display value="Neoplasia do olho/anexos" />
  </concept>
  <concept>
    <code value="F75" />
    <display value="Contusão/hemorragia ocular" />
  </concept>
  <concept>
    <code value="F76" />
    <display value="Corpo estranho ocular" />
  </concept>
  <concept>
    <code value="F79" />
    <display value="Outras lesões traumáticas oculares" />
  </concept>
  <concept>
    <code value="F80" />
    <display value="Obstrução canal lacrimal da criança" />
  </concept>
  <concept>
    <code value="F81" />
    <display value="Outras malformações congênitas do olho" />
  </concept>
  <concept>
    <code value="F82" />
    <display value="Descolamento da retina" />
  </concept>
  <concept>
    <code value="F83" />
    <display value="Retinopatia" />
  </concept>
  <concept>
    <code value="F84" />
    <display value="Degeneração macular" />
  </concept>
  <concept>
    <code value="F85" />
    <display value="Ulcera da córnea" />
  </concept>
  <concept>
    <code value="F86" />
    <display value="Tracoma" />
  </concept>
  <concept>
    <code value="F91" />
    <display value="Erro de refração" />
  </concept>
  <concept>
    <code value="F92" />
    <display value="Catarata" />
  </concept>
  <concept>
    <code value="F93" />
    <display value="Glaucoma" />
  </concept>
  <concept>
    <code value="F94" />
    <display value="Cegueira" />
  </concept>
  <concept>
    <code value="F95" />
    <display value="Estrabismo" />
  </concept>
  <concept>
    <code value="F99" />
    <display value="Outra doenças oculares/anexos" />
  </concept>
  <concept>
    <code value="H01" />
    <display value="Dor de ouvidos" />
  </concept>
  <concept>
    <code value="H02" />
    <display value="Problemas de audição" />
  </concept>
  <concept>
    <code value="H03" />
    <display value="Acufeno, zumbidos, ruído, assobios" />
  </concept>
  <concept>
    <code value="H04" />
    <display value="Secreção no ouvido" />
  </concept>
  <concept>
    <code value="H05" />
    <display value="Hemorragia no ouvido" />
  </concept>
  <concept>
    <code value="H13" />
    <display value="Sensação de ouvido tapado" />
  </concept>
  <concept>
    <code value="H15" />
    <display value="Preocupação com a aparência das orelhas" />
  </concept>
  <concept>
    <code value="H27" />
    <display value="Medo de doença do ouvido" />
  </concept>
  <concept>
    <code value="H28" />
    <display value="Limitação funcional/incapacidade" />
  </concept>
  <concept>
    <code value="H29" />
    <display value="Outros sinais/sintomas ouvido" />
  </concept>
  <concept>
    <code value="H70" />
    <display value="Otite externa" />
  </concept>
  <concept>
    <code value="H71" />
    <display value="Otite media aguda/miringite" />
  </concept>
  <concept>
    <code value="H72" />
    <display value="Otite média serosa" />
  </concept>
  <concept>
    <code value="H73" />
    <display value="Infecção da Trompa de Eustáquio" />
  </concept>
  <concept>
    <code value="H74" />
    <display value="Otite media crónica" />
  </concept>
  <concept>
    <code value="H75" />
    <display value="Neoplasia do ouvido" />
  </concept>
  <concept>
    <code value="H76" />
    <display value="Corpo estranho do ouvido" />
  </concept>
  <concept>
    <code value="H77" />
    <display value="Perfuração do tímpano" />
  </concept>
  <concept>
    <code value="H78" />
    <display value="Traumatismo superficial do ouvido" />
  </concept>
  <concept>
    <code value="H79" />
    <display value="Outros traumatismos do ouvido" />
  </concept>
  <concept>
    <code value="H80" />
    <display value="Malformações congênitas do ouvido" />
  </concept>
  <concept>
    <code value="H81" />
    <display value="Cerúmen no ouvido em excesso" />
  </concept>
  <concept>
    <code value="H82" />
    <display value="Síndrome vertiginosa" />
  </concept>
  <concept>
    <code value="H83" />
    <display value="Otoesclerose" />
  </concept>
  <concept>
    <code value="H84" />
    <display value="Presbiacusia" />
  </concept>
  <concept>
    <code value="H85" />
    <display value="Lesão acústica" />
  </concept>
  <concept>
    <code value="H86" />
    <display value="Surdez" />
  </concept>
  <concept>
    <code value="H99" />
    <display value="Outra doença do ouvido/mastóide" />
  </concept>
  <concept>
    <code value="K01" />
    <display value="Dor atribuída ao coração" />
  </concept>
  <concept>
    <code value="K02" />
    <display value="Sensação de pressão/aperto atribuída ao coração" />
  </concept>
  <concept>
    <code value="K03" />
    <display value="Dores atribuídas ao aparelho circulatório NE" />
  </concept>
  <concept>
    <code value="K04" />
    <display value="Palpitações/percepção dos batimentos cardíacos" />
  </concept>
  <concept>
    <code value="K05" />
    <display value="Outras irregularidades dos batimentos cardíacos" />
  </concept>
  <concept>
    <code value="K06" />
    <display value="Veias proeminentes" />
  </concept>
  <concept>
    <code value="K07" />
    <display value="Tornozelos inchados/edema" />
  </concept>
  <concept>
    <code value="K22" />
    <display value="Fator de risco para doença cardiovascular" />
  </concept>
  <concept>
    <code value="K24" />
    <display value="Medo de doença cardíaca" />
  </concept>
  <concept>
    <code value="K25" />
    <display value="Medo de hipertensão" />
  </concept>
  <concept>
    <code value="K27" />
    <display value="Medo de outra doença cardiovascular" />
  </concept>
  <concept>
    <code value="K28" />
    <display value="Limitação funcional/incapacidade" />
  </concept>
  <concept>
    <code value="K29" />
    <display value="Outros sinais/sintomas cardiovasculares" />
  </concept>
  <concept>
    <code value="K70" />
    <display value="Doença infecciosa do aparelho circulatório" />
  </concept>
  <concept>
    <code value="K71" />
    <display value="Febre reumática/cardiopatia" />
  </concept>
  <concept>
    <code value="K72" />
    <display value="Neoplasia do aparelho circulatório" />
  </concept>
  <concept>
    <code value="K73" />
    <display value="Malformações congênitas do aparelho circulatório" />
  </concept>
  <concept>
    <code value="K74" />
    <display value="Doença cardíaca isquémica com angina" />
  </concept>
  <concept>
    <code value="K75" />
    <display value="Infarto ou Enfarte agudo miocárdio" />
  </concept>
  <concept>
    <code value="K76" />
    <display value="Doença cardíaca isquémica sem angina" />
  </concept>
  <concept>
    <code value="K77" />
    <display value="Insuficiência cardíaca" />
  </concept>
  <concept>
    <code value="K78" />
    <display value="Fibrilação/flutter auricular/ atrial" />
  </concept>
  <concept>
    <code value="K79" />
    <display value="Taquicardia Paroxística" />
  </concept>
  <concept>
    <code value="K80" />
    <display value="Arritmia cardíaca NE" />
  </concept>
  <concept>
    <code value="K81" />
    <display value="Sopro cardíaco/arterial NE" />
  </concept>
  <concept>
    <code value="K82" />
    <display value="Doença cardiopulmonar" />
  </concept>
  <concept>
    <code value="K83" />
    <display value="Doença valvular cardíaca NE" />
  </concept>
  <concept>
    <code value="K84" />
    <display value="Outras doenças cardíacas" />
  </concept>
  <concept>
    <code value="K85" />
    <display value="Pressão arterial elevada" />
  </concept>
  <concept>
    <code value="K86" />
    <display value="Hipertensão sem complicações" />
  </concept>
  <concept>
    <code value="K87" />
    <display value="Hipertensão com complicações" />
  </concept>
  <concept>
    <code value="K88" />
    <display value="Hipotensão postural" />
  </concept>
  <concept>
    <code value="K89" />
    <display value="Isquêmia/ acidente cerebral transitória(o)" />
  </concept>
  <concept>
    <code value="K90" />
    <display value="Trombose/acidente vascular cerebral" />
  </concept>
  <concept>
    <code value="K91" />
    <display value="Doença vascular cerebral" />
  </concept>
  <concept>
    <code value="K92" />
    <display value="Aterosclerose/doença vascular periférica" />
  </concept>
  <concept>
    <code value="K93" />
    <display value="Embolia pulmonar" />
  </concept>
  <concept>
    <code value="K94" />
    <display value="Flebite/tromboflebite" />
  </concept>
  <concept>
    <code value="K95" />
    <display value="Veias varicosas da perna" />
  </concept>
  <concept>
    <code value="K96" />
    <display value="Hemorróidas" />
  </concept>
  <concept>
    <code value="K99" />
    <display value="Outras doenças do aparelho circulatório" />
  </concept>
  <concept>
    <code value="L01" />
    <display value="Sinais/sintomas do pescoço" />
  </concept>
  <concept>
    <code value="L02" />
    <display value="Sinais/sintomas da região dorsal" />
  </concept>
  <concept>
    <code value="L03" />
    <display value="Sinais/sintomas da região lombar" />
  </concept>
  <concept>
    <code value="L04" />
    <display value="Sinais/sintomas do tórax" />
  </concept>
  <concept>
    <code value="L05" />
    <display value="Sinais/sintomas da axila" />
  </concept>
  <concept>
    <code value="L07" />
    <display value="Sinais/sintomas da mandíbula" />
  </concept>
  <concept>
    <code value="L08" />
    <display value="Sinais/sintomas dos ombros" />
  </concept>
  <concept>
    <code value="L09" />
    <display value="Sinais/sintomas dos braços" />
  </concept>
  <concept>
    <code value="L10" />
    <display value="Sinais/sintomas dos cotovelos" />
  </concept>
  <concept>
    <code value="L11" />
    <display value="Sinais/sintomas dos punhos" />
  </concept>
  <concept>
    <code value="L12" />
    <display value="Sinais/sintomas das mãos e dedos" />
  </concept>
  <concept>
    <code value="L13" />
    <display value="Sinais/sintomas do quadril" />
  </concept>
  <concept>
    <code value="L14" />
    <display value="Sinais/sintomas da coxa/perna" />
  </concept>
  <concept>
    <code value="L15" />
    <display value="Sinais/sintomas do joelho" />
  </concept>
  <concept>
    <code value="L16" />
    <display value="Sinais/sintomas do tornozelo" />
  </concept>
  <concept>
    <code value="L17" />
    <display value="Sinais/sintomas do pé/dedos pé" />
  </concept>
  <concept>
    <code value="L18" />
    <display value="Dores musculares" />
  </concept>
  <concept>
    <code value="L19" />
    <display value="Sinais/sintomas musculares NE" />
  </concept>
  <concept>
    <code value="L20" />
    <display value="Sinais/sintomas das articulações NE" />
  </concept>
  <concept>
    <code value="L26" />
    <display value="Medo de câncer no aparelho músculo-esquelético" />
  </concept>
  <concept>
    <code value="L27" />
    <display value="Medo de doença no aparelho músculo-esquelético, outro" />
  </concept>
  <concept>
    <code value="L28" />
    <display value="Limitação funcional/incapacidade" />
  </concept>
  <concept>
    <code value="L29" />
    <display value="Outros sinais/sintomas do aparelho músculo-esquelético" />
  </concept>
  <concept>
    <code value="L70" />
    <display value="Infecções do aparelho músculo-esquelético" />
  </concept>
  <concept>
    <code value="L71" />
    <display value="Neoplasia maligna do aparelho músculo-esquelético" />
  </concept>
  <concept>
    <code value="L72" />
    <display value="Fratura: rádio/cúbito" />
  </concept>
  <concept>
    <code value="L73" />
    <display value="Fratura: tíbia/perônio/ fíbula" />
  </concept>
  <concept>
    <code value="L74" />
    <display value="Fratura: osso da mão/pé" />
  </concept>
  <concept>
    <code value="L75" />
    <display value="Fratura: fémur" />
  </concept>
  <concept>
    <code value="L76" />
    <display value="Outras fraturas" />
  </concept>
  <concept>
    <code value="L77" />
    <display value="Entorses e distensões do tornozelo" />
  </concept>
  <concept>
    <code value="L78" />
    <display value="Entorses e distensões do joelho" />
  </concept>
  <concept>
    <code value="L79" />
    <display value="Entorses e distensões das articulações NE" />
  </concept>
  <concept>
    <code value="L80" />
    <display value="Luxação/subluxação" />
  </concept>
  <concept>
    <code value="L81" />
    <display value="Traumatismos do aparelho musculoesquelético NE" />
  </concept>
  <concept>
    <code value="L82" />
    <display value="Malformações congênitas do aparelho músculo-esquelético" />
  </concept>
  <concept>
    <code value="L83" />
    <display value="Doenças ou síndromes da coluna cervical" />
  </concept>
  <concept>
    <code value="L84" />
    <display value="Doenças ou síndromes da coluna sem irradiação de dor" />
  </concept>
  <concept>
    <code value="L85" />
    <display value="Deformação adquirida da coluna" />
  </concept>
  <concept>
    <code value="L86" />
    <display value="Síndrome vertebral com irradiação dor" />
  </concept>
  <concept>
    <code value="L87" />
    <display value="Bursite/tendinite/sinovite NE" />
  </concept>
  <concept>
    <code value="L88" />
    <display value="Artrite reumatóide/seropositiva" />
  </concept>
  <concept>
    <code value="L89" />
    <display value="Osteoartrose do quadril" />
  </concept>
  <concept>
    <code value="L90" />
    <display value="Osteoartrose do joelho" />
  </concept>
  <concept>
    <code value="L91" />
    <display value="Outras osteoartroses" />
  </concept>
  <concept>
    <code value="L92" />
    <display value="Síndrome do ombro doloroso" />
  </concept>
  <concept>
    <code value="L93" />
    <display value="Cotovelo de tenista" />
  </concept>
  <concept>
    <code value="L94" />
    <display value="Osteocondrose" />
  </concept>
  <concept>
    <code value="L95" />
    <display value="Osteoporose" />
  </concept>
  <concept>
    <code value="L96" />
    <display value="Lesão interna aguda do joelho" />
  </concept>
  <concept>
    <code value="L97" />
    <display value="Neoplasia benigna/incertas" />
  </concept>
  <concept>
    <code value="L98" />
    <display value="Malformação adquirida de um membro" />
  </concept>
  <concept>
    <code value="L99" />
    <display value="Outra doença do aparelho músculo-esquelético" />
  </concept>
  <concept>
    <code value="N01" />
    <display value="Cefaléia" />
  </concept>
  <concept>
    <code value="N03" />
    <display value="Dores da face" />
  </concept>
  <concept>
    <code value="N04" />
    <display value="Síndrome das pernas inquietas" />
  </concept>
  <concept>
    <code value="N05" />
    <display value="Formigamento/ parestesia nos dedos das mãos/pés" />
  </concept>
  <concept>
    <code value="N06" />
    <display value="Outras alterações da sensibilidade" />
  </concept>
  <concept>
    <code value="N07" />
    <display value="Convulsões/ataques" />
  </concept>
  <concept>
    <code value="N08" />
    <display value="Movimentos involuntários anormais" />
  </concept>
  <concept>
    <code value="N16" />
    <display value="Alterações do olfato/gosto" />
  </concept>
  <concept>
    <code value="N17" />
    <display value="Vertigens/tonturas" />
  </concept>
  <concept>
    <code value="N18" />
    <display value="Paralisia/fraqueza" />
  </concept>
  <concept>
    <code value="N19" />
    <display value="Perturbações da fala" />
  </concept>
  <concept>
    <code value="N26" />
    <display value="Medo de câncer do sistema neurológico" />
  </concept>
  <concept>
    <code value="N27" />
    <display value="Medo de outras doenças neurológicas" />
  </concept>
  <concept>
    <code value="N28" />
    <display value="Limitação funcional/incapacidade" />
  </concept>
  <concept>
    <code value="N29" />
    <display value="Sinais/sintomas do sistema neurológico, outros" />
  </concept>
  <concept>
    <code value="N70" />
    <display value="Poliomielite" />
  </concept>
  <concept>
    <code value="N71" />
    <display value="Meningite/encefalite" />
  </concept>
  <concept>
    <code value="N72" />
    <display value="Tétano" />
  </concept>
  <concept>
    <code value="N73" />
    <display value="Outra infecção neurológica" />
  </concept>
  <concept>
    <code value="N74" />
    <display value="Neoplasia maligna do sistema neurológico" />
  </concept>
  <concept>
    <code value="N75" />
    <display value="Neoplasia benigna do sistema neurológico" />
  </concept>
  <concept>
    <code value="N76" />
    <display value="Neoplasia do sistema neurológico de natureza incerta" />
  </concept>
  <concept>
    <code value="N79" />
    <display value="Concussão" />
  </concept>
  <concept>
    <code value="N80" />
    <display value="Outras lesões cranianas" />
  </concept>
  <concept>
    <code value="N81" />
    <display value="Outra lesão do sistema neurológico" />
  </concept>
  <concept>
    <code value="N85" />
    <display value="Malformações congênitas" />
  </concept>
  <concept>
    <code value="N86" />
    <display value="Esclerose múltipla" />
  </concept>
  <concept>
    <code value="N87" />
    <display value="Parkinsonismo" />
  </concept>
  <concept>
    <code value="N88" />
    <display value="Epilepsia" />
  </concept>
  <concept>
    <code value="N89" />
    <display value="Enxaqueca" />
  </concept>
  <concept>
    <code value="N90" />
    <display value="Cefaléia de cluster" />
  </concept>
  <concept>
    <code value="N91" />
    <display value="Paralisia facial/paralisia de Bell" />
  </concept>
  <concept>
    <code value="N92" />
    <display value="Nevralgia do trigémio" />
  </concept>
  <concept>
    <code value="N93" />
    <display value="Síndrome do túnel do carpo/ Síndrome do canal cárpico" />
  </concept>
  <concept>
    <code value="N94" />
    <display value="Neurite/ Nevrite/neuropatia periférica" />
  </concept>
  <concept>
    <code value="N95" />
    <display value="Cefaléia tensional" />
  </concept>
  <concept>
    <code value="N99" />
    <display value="Outras doenças do sistema neurológico" />
  </concept>
  <concept>
    <code value="P01" />
    <display value="Sensação de ansiedade/nervosismo/tensão" />
  </concept>
  <concept>
    <code value="P02" />
    <display value="Reação aguda ao estresse" />
  </concept>
  <concept>
    <code value="P03" />
    <display value="Tristeza/ Sensação de depressão" />
  </concept>
  <concept>
    <code value="P04" />
    <display value="Sentir/comportar-se de forma irritável/zangada" />
  </concept>
  <concept>
    <code value="P05" />
    <display value="Sensação/comportamento senil" />
  </concept>
  <concept>
    <code value="P06" />
    <display value="Perturbação do sono" />
  </concept>
  <concept>
    <code value="P07" />
    <display value="Diminuição do desejo sexual" />
  </concept>
  <concept>
    <code value="P08" />
    <display value="Diminuição da satisfação sexual" />
  </concept>
  <concept>
    <code value="P09" />
    <display value="Preocupação com a preferência sexual" />
  </concept>
  <concept>
    <code value="P10" />
    <display value="Gaguejar/balbuciar/tiques" />
  </concept>
  <concept>
    <code value="P11" />
    <display value="Problemas de alimentação da criança" />
  </concept>
  <concept>
    <code value="P12" />
    <display value="Molhar a cama/enurese" />
  </concept>
  <concept>
    <code value="P13" />
    <display value="Encoprese/outros problemas de incontinência fecal" />
  </concept>
  <concept>
    <code value="P15" />
    <display value="Abuso crônico de álcool" />
  </concept>
  <concept>
    <code value="P16" />
    <display value="Abuso agudo de álcool" />
  </concept>
  <concept>
    <code value="P17" />
    <display value="Abuso do tabaco" />
  </concept>
  <concept>
    <code value="P18" />
    <display value="Abuso de medicação" />
  </concept>
  <concept>
    <code value="P19" />
    <display value="Abuso de drogas" />
  </concept>
  <concept>
    <code value="P20" />
    <display value="Alterações da memória" />
  </concept>
  <concept>
    <code value="P22" />
    <display value="Sinais/sintomas relacionados ao comportamento da criança" />
  </concept>
  <concept>
    <code value="P23" />
    <display value="Sinais/sintomas relacionados ao comportamento do adolescente" />
  </concept>
  <concept>
    <code value="P24" />
    <display value="Dificuldades especificas de aprendizagem" />
  </concept>
  <concept>
    <code value="P25" />
    <display value="Problemas da fase de vida de adulto" />
  </concept>
  <concept>
    <code value="P27" />
    <display value="Medo de perturbações mentais" />
  </concept>
  <concept>
    <code value="P28" />
    <display value="Limitação funcional/incapacidade" />
  </concept>
  <concept>
    <code value="P29" />
    <display value="Sinais/sintomas psicológicos, outros" />
  </concept>
  <concept>
    <code value="P70" />
    <display value="Demência" />
  </concept>
  <concept>
    <code value="P71" />
    <display value="Outras psicoses orgânicas NE" />
  </concept>
  <concept>
    <code value="P72" />
    <display value="Esquizofrenia" />
  </concept>
  <concept>
    <code value="P73" />
    <display value="Psicose afetiva" />
  </concept>
  <concept>
    <code value="P74" />
    <display value="Distúrbio ansioso/estado de ansiedade" />
  </concept>
  <concept>
    <code value="P75" />
    <display value="Somatização" />
  </concept>
  <concept>
    <code value="P76" />
    <display value="Perturbações depressivas" />
  </concept>
  <concept>
    <code value="P77" />
    <display value="Suicídio/tentativa de suicídio" />
  </concept>
  <concept>
    <code value="P78" />
    <display value="Neurastenia" />
  </concept>
  <concept>
    <code value="P79" />
    <display value="Fobia/perturbação compulsiva" />
  </concept>
  <concept>
    <code value="P80" />
    <display value="Perturbações de personalidade" />
  </concept>
  <concept>
    <code value="P81" />
    <display value="Perturbação hipercinética" />
  </concept>
  <concept>
    <code value="P82" />
    <display value="Estresse pós traumático" />
  </concept>
  <concept>
    <code value="P85" />
    <display value="Retardo/ Atraso mental" />
  </concept>
  <concept>
    <code value="P86" />
    <display value="Anorexia nervosa, bulimia" />
  </concept>
  <concept>
    <code value="P98" />
    <display value="Outras psicoses NE" />
  </concept>
  <concept>
    <code value="P99" />
    <display value="Outras perturbações psicológicas" />
  </concept>
  <concept>
    <code value="R01" />
    <display value="Dor atribuída ao aparelho respiratório" />
  </concept>
  <concept>
    <code value="R02" />
    <display value="Dificuldade respiratória, dispneia" />
  </concept>
  <concept>
    <code value="R03" />
    <display value="Respiração ruidosa" />
  </concept>
  <concept>
    <code value="R04" />
    <display value="Outros problemas respiratórios" />
  </concept>
  <concept>
    <code value="R05" />
    <display value="Tosse" />
  </concept>
  <concept>
    <code value="R06" />
    <display value="Hemorragia nasal/epistaxe" />
  </concept>
  <concept>
    <code value="R07" />
    <display value="Espirro/congestão nasal" />
  </concept>
  <concept>
    <code value="R08" />
    <display value="Outros sinais/sintomas nasais" />
  </concept>
  <concept>
    <code value="R09" />
    <display value="Sinais/sintomas dos seios paranasais" />
  </concept>
  <concept>
    <code value="R21" />
    <display value="Sinais/sintomas da garganta" />
  </concept>
  <concept>
    <code value="R23" />
    <display value="Sinais/sintomas da voz" />
  </concept>
  <concept>
    <code value="R24" />
    <display value="Hemoptise" />
  </concept>
  <concept>
    <code value="R25" />
    <display value="Expectoração/mucosidade anormal" />
  </concept>
  <concept>
    <code value="R26" />
    <display value="Medo de câncer do aparelho respiratório" />
  </concept>
  <concept>
    <code value="R27" />
    <display value="Medo de outras doenças respiratórias" />
  </concept>
  <concept>
    <code value="R28" />
    <display value="Limitação funcional/incapacidade" />
  </concept>
  <concept>
    <code value="R29" />
    <display value="Sinais/sintomas do aparelho respiratório, outros" />
  </concept>
  <concept>
    <code value="R71" />
    <display value="Tosse convulsa/ pertussis" />
  </concept>
  <concept>
    <code value="R72" />
    <display value="Infecção estreptocócica da orofaringe" />
  </concept>
  <concept>
    <code value="R73" />
    <display value="Abcesso/furúnculo no nariz" />
  </concept>
  <concept>
    <code value="R74" />
    <display value="Infecção aguda do aparelho respiratório superior (IVAS)" />
  </concept>
  <concept>
    <code value="R75" />
    <display value="Sinusite crónica/aguda" />
  </concept>
  <concept>
    <code value="R76" />
    <display value="Amigdalite aguda" />
  </concept>
  <concept>
    <code value="R77" />
    <display value="Laringite/traqueíte aguda" />
  </concept>
  <concept>
    <code value="R78" />
    <display value="Bronquite/bronquiolite aguda" />
  </concept>
  <concept>
    <code value="R79" />
    <display value="Bronquite crônica" />
  </concept>
  <concept>
    <code value="R80" />
    <display value="Gripe" />
  </concept>
  <concept>
    <code value="R81" />
    <display value="Pneumonia" />
  </concept>
  <concept>
    <code value="R82" />
    <display value="Pleurite/derrame pleural" />
  </concept>
  <concept>
    <code value="R83" />
    <display value="Outra infecção respiratória" />
  </concept>
  <concept>
    <code value="R84" />
    <display value="Neoplasia maligna dos brônquios/pulmão" />
  </concept>
  <concept>
    <code value="R85" />
    <display value="Outra neoplasia respiratória maligna" />
  </concept>
  <concept>
    <code value="R86" />
    <display value="Neoplasia benigna respiratória" />
  </concept>
  <concept>
    <code value="R87" />
    <display value="Corpo estranho nariz/laringe/brônquios" />
  </concept>
  <concept>
    <code value="R88" />
    <display value="Outra lesão respiratória" />
  </concept>
  <concept>
    <code value="R89" />
    <display value="Malformação congénita do aparelho respiratório" />
  </concept>
  <concept>
    <code value="R90" />
    <display value="Hipertrofia das amígdalas/adenóides" />
  </concept>
  <concept>
    <code value="R92" />
    <display value="Neoplasia respiratória NE" />
  </concept>
  <concept>
    <code value="R95" />
    <display value="Doença pulmonar obstrutiva crónica" />
  </concept>
  <concept>
    <code value="R96" />
    <display value="Asma" />
  </concept>
  <concept>
    <code value="R97" />
    <display value="Rinite alérgica" />
  </concept>
  <concept>
    <code value="R98" />
    <display value="Síndrome de hiperventilação" />
  </concept>
  <concept>
    <code value="R99" />
    <display value="Outras doenças respiratórias" />
  </concept>
  <concept>
    <code value="S01" />
    <display value="Dor/sensibilidade dolorosa da pele" />
  </concept>
  <concept>
    <code value="S02" />
    <display value="Prurido" />
  </concept>
  <concept>
    <code value="S03" />
    <display value="Verrugas" />
  </concept>
  <concept>
    <code value="S04" />
    <display value="Tumor/inchaço localizado" />
  </concept>
  <concept>
    <code value="S05" />
    <display value="Tumores/inchaços generalizados" />
  </concept>
  <concept>
    <code value="S06" />
    <display value="Erupção cutânea localizada" />
  </concept>
  <concept>
    <code value="S07" />
    <display value="Erupção cutânea generalizada" />
  </concept>
  <concept>
    <code value="S08" />
    <display value="Alterações da cor da pele" />
  </concept>
  <concept>
    <code value="S09" />
    <display value="Infecção dos dedos das mãos/pés" />
  </concept>
  <concept>
    <code value="S10" />
    <display value="Furúnculo/carbúnculo" />
  </concept>
  <concept>
    <code value="S11" />
    <display value="Infecção pós-traumática da pele" />
  </concept>
  <concept>
    <code value="S12" />
    <display value="Picada ou mordedura de inseto" />
  </concept>
  <concept>
    <code value="S13" />
    <display value="Mordedura animal/humana" />
  </concept>
  <concept>
    <code value="S14" />
    <display value="Queimadura/escaldão" />
  </concept>
  <concept>
    <code value="S15" />
    <display value="Corpo estranho na pele" />
  </concept>
  <concept>
    <code value="S16" />
    <display value="Traumatismo/contusão" />
  </concept>
  <concept>
    <code value="S17" />
    <display value="Abrasão/arranhão/bolhas" />
  </concept>
  <concept>
    <code value="S18" />
    <display value="Laceração/corte" />
  </concept>
  <concept>
    <code value="S19" />
    <display value="Outra lesão cutânea" />
  </concept>
  <concept>
    <code value="S20" />
    <display value="Calos/calosidades" />
  </concept>
  <concept>
    <code value="S21" />
    <display value="Sinais/sintomas da textura da pele" />
  </concept>
  <concept>
    <code value="S22" />
    <display value="Sinais/sintomas das unhas" />
  </concept>
  <concept>
    <code value="S23" />
    <display value="Queda de cabelo/calvície" />
  </concept>
  <concept>
    <code value="S24" />
    <display value="Sinais/sintomas do cabelo/couro cabeludo" />
  </concept>
  <concept>
    <code value="S26" />
    <display value="Medo de câncer de pele" />
  </concept>
  <concept>
    <code value="S27" />
    <display value="Medo de outra doença da pele" />
  </concept>
  <concept>
    <code value="S28" />
    <display value="Limitação funcional/incapacidade" />
  </concept>
  <concept>
    <code value="S29" />
    <display value="Sinais/sintomas da pele, outros" />
  </concept>
  <concept>
    <code value="S70" />
    <display value="Herpes zoster" />
  </concept>
  <concept>
    <code value="S71" />
    <display value="Herpes simples" />
  </concept>
  <concept>
    <code value="S72" />
    <display value="Escabiose/outras acaríases" />
  </concept>
  <concept>
    <code value="S73" />
    <display value="Pediculose/outras infecções da pele" />
  </concept>
  <concept>
    <code value="S74" />
    <display value="Dermatofitose" />
  </concept>
  <concept>
    <code value="S75" />
    <display value="Monilíase oral/candidíase na pele" />
  </concept>
  <concept>
    <code value="S76" />
    <display value="Outras infecções da pele" />
  </concept>
  <concept>
    <code value="S77" />
    <display value="Neoplasias malignas da pele" />
  </concept>
  <concept>
    <code value="S78" />
    <display value="Lipoma" />
  </concept>
  <concept>
    <code value="S79" />
    <display value="Neoplasia cutânea benigna/incerta" />
  </concept>
  <concept>
    <code value="S80" />
    <display value="Ceratose/ Queratose solar/queimadura solar" />
  </concept>
  <concept>
    <code value="S81" />
    <display value="Hemangioma/linfangioma" />
  </concept>
  <concept>
    <code value="S82" />
    <display value="Nevos/sinais da pele" />
  </concept>
  <concept>
    <code value="S83" />
    <display value="Lesões da pele congênitas, outras" />
  </concept>
  <concept>
    <code value="S84" />
    <display value="Impetigo" />
  </concept>
  <concept>
    <code value="S85" />
    <display value="Cisto pilonidal/fistula" />
  </concept>
  <concept>
    <code value="S86" />
    <display value="Dermatite seborreica" />
  </concept>
  <concept>
    <code value="S87" />
    <display value="Dermatite/eczema atópico" />
  </concept>
  <concept>
    <code value="S88" />
    <display value="Dermatite de contato/alérgica" />
  </concept>
  <concept>
    <code value="S89" />
    <display value="Dermatite das fraldas" />
  </concept>
  <concept>
    <code value="S90" />
    <display value="Pitiríase rosada" />
  </concept>
  <concept>
    <code value="S91" />
    <display value="Psoríase" />
  </concept>
  <concept>
    <code value="S92" />
    <display value="Doença das glândulas sudoríparas" />
  </concept>
  <concept>
    <code value="S93" />
    <display value="Cisto sebáceo" />
  </concept>
  <concept>
    <code value="S94" />
    <display value="Unha encravada" />
  </concept>
  <concept>
    <code value="S95" />
    <display value="Molusco contagioso" />
  </concept>
  <concept>
    <code value="S96" />
    <display value="Acne" />
  </concept>
  <concept>
    <code value="S97" />
    <display value="Úlcera crónica da pele" />
  </concept>
  <concept>
    <code value="S98" />
    <display value="Urticária" />
  </concept>
  <concept>
    <code value="S99" />
    <display value="Outras doenças da pele" />
  </concept>
  <concept>
    <code value="T01" />
    <display value="Sede excessiva" />
  </concept>
  <concept>
    <code value="T02" />
    <display value="Apetite excessivo" />
  </concept>
  <concept>
    <code value="T03" />
    <display value="Perda de apetite" />
  </concept>
  <concept>
    <code value="T04" />
    <display value="Problemas alimentares de lactente/criança" />
  </concept>
  <concept>
    <code value="T05" />
    <display value="Problemas alimentares do adulto" />
  </concept>
  <concept>
    <code value="T07" />
    <display value="Aumento de peso" />
  </concept>
  <concept>
    <code value="T08" />
    <display value="Perda de peso" />
  </concept>
  <concept>
    <code value="T10" />
    <display value="Atraso do crescimento" />
  </concept>
  <concept>
    <code value="T11" />
    <display value="Desidratação" />
  </concept>
  <concept>
    <code value="T26" />
    <display value="Medo de câncer do sistema endócrino" />
  </concept>
  <concept>
    <code value="T27" />
    <display value="Medo de outra doença endócrina/metabólica" />
  </concept>
  <concept>
    <code value="T28" />
    <display value="Limitação funcional/incapacidade" />
  </concept>
  <concept>
    <code value="T29" />
    <display value="Sinais/sintomas endocrinológicos/metabolicos/nutricionais, outros" />
  </concept>
  <concept>
    <code value="T70" />
    <display value="Infecção endócrina" />
  </concept>
  <concept>
    <code value="T71" />
    <display value="Neoplasia maligna da tiróide" />
  </concept>
  <concept>
    <code value="T72" />
    <display value="Neoplasia benigna da tiróide" />
  </concept>
  <concept>
    <code value="T73" />
    <display value="Outra neoplasia endócrina NE" />
  </concept>
  <concept>
    <code value="T78" />
    <display value="Cisto do canal tiroglosso" />
  </concept>
  <concept>
    <code value="T80" />
    <display value="Malformação congénita endócrina/metabólica" />
  </concept>
  <concept>
    <code value="T81" />
    <display value="Bócio" />
  </concept>
  <concept>
    <code value="T82" />
    <display value="Obesidade" />
  </concept>
  <concept>
    <code value="T83" />
    <display value="Excesso de peso" />
  </concept>
  <concept>
    <code value="T85" />
    <display value="Hipertiroidismo/tireotoxicose" />
  </concept>
  <concept>
    <code value="T86" />
    <display value="Hipotiroidismo/mixedema" />
  </concept>
  <concept>
    <code value="T87" />
    <display value="Hipoglicemia" />
  </concept>
  <concept>
    <code value="T89" />
    <display value="Diabetes insulino-dependente" />
  </concept>
  <concept>
    <code value="T90" />
    <display value="Diabetes não insulino-dependente" />
  </concept>
  <concept>
    <code value="T91" />
    <display value="Deficiência vitamínica/nutricional" />
  </concept>
  <concept>
    <code value="T92" />
    <display value="Gota" />
  </concept>
  <concept>
    <code value="T93" />
    <display value="Alteração no metabolismo dos lípidos" />
  </concept>
  <concept>
    <code value="T99" />
    <display value="Outras doenças endocrinológica/metabólica/nutricionais" />
  </concept>
  <concept>
    <code value="U01" />
    <display value="Disúria/micção dolorosa" />
  </concept>
  <concept>
    <code value="U02" />
    <display value="Micção frequente/urgência urinária/ polaciúria" />
  </concept>
  <concept>
    <code value="U04" />
    <display value="Incontinência urinária" />
  </concept>
  <concept>
    <code value="U05" />
    <display value="Outros problemas com a micção" />
  </concept>
  <concept>
    <code value="U06" />
    <display value="Hematúria" />
  </concept>
  <concept>
    <code value="U07" />
    <display value="Outros sinais/sintomas urinários" />
  </concept>
  <concept>
    <code value="U08" />
    <display value="Retenção urinária" />
  </concept>
  <concept>
    <code value="U13" />
    <display value="Sinais/sintomas da bexiga, outros" />
  </concept>
  <concept>
    <code value="U14" />
    <display value="Sinais/sintomas dos rins" />
  </concept>
  <concept>
    <code value="U26" />
    <display value="Medo de câncer no aparelho urinário" />
  </concept>
  <concept>
    <code value="U27" />
    <display value="Medo de outra doença urinária" />
  </concept>
  <concept>
    <code value="U28" />
    <display value="Limitação funcional/incapacidade" />
  </concept>
  <concept>
    <code value="U29" />
    <display value="Sinais/sintomas aparelho urinário, outros" />
  </concept>
  <concept>
    <code value="U70" />
    <display value="Pielonefrite" />
  </concept>
  <concept>
    <code value="U71" />
    <display value="Cistite/outra infecção urinária" />
  </concept>
  <concept>
    <code value="U72" />
    <display value="Uretrite" />
  </concept>
  <concept>
    <code value="U75" />
    <display value="Neoplasia maligna do rim" />
  </concept>
  <concept>
    <code value="U76" />
    <display value="Neoplasia benigna do rim" />
  </concept>
  <concept>
    <code value="U77" />
    <display value="Neoplasia maligna do aparelho urinário, outra" />
  </concept>
  <concept>
    <code value="U78" />
    <display value="Neoplasia benigna do aparelho urinário" />
  </concept>
  <concept>
    <code value="U79" />
    <display value="Neoplasia do aparelho urinário NE" />
  </concept>
  <concept>
    <code value="U80" />
    <display value="Lesões traumáticas do aparelho urinário" />
  </concept>
  <concept>
    <code value="U85" />
    <display value="Malformação congénita do aparelho urinário" />
  </concept>
  <concept>
    <code value="U88" />
    <display value="Glomerulonefrite/ sindrome nefrótica" />
  </concept>
  <concept>
    <code value="U90" />
    <display value="Albuminúria/proteinúria ortostática" />
  </concept>
  <concept>
    <code value="U95" />
    <display value="Cálculo urinário" />
  </concept>
  <concept>
    <code value="U98" />
    <display value="Análise de urina anormal NE" />
  </concept>
  <concept>
    <code value="U99" />
    <display value="Outras doenças urinárias" />
  </concept>
  <concept>
    <code value="W01" />
    <display value="Questão sobre gravidez" />
  </concept>
  <concept>
    <code value="W02" />
    <display value="Medo de estar grávida" />
  </concept>
  <concept>
    <code value="W03" />
    <display value="Hemorragia antes do parto" />
  </concept>
  <concept>
    <code value="W05" />
    <display value="Vómitos/náuseas durante a gravidez" />
  </concept>
  <concept>
    <code value="W10" />
    <display value="Contracepção pós-coital" />
  </concept>
  <concept>
    <code value="W11" />
    <display value="Contracepção oral" />
  </concept>
  <concept>
    <code value="W12" />
    <display value="Contracepção intra-uterina/ Dispositivo Intrauterino/ DIU" />
  </concept>
  <concept>
    <code value="W13" />
    <display value="Esterilização" />
  </concept>
  <concept>
    <code value="W14" />
    <display value="Contracepção/outros" />
  </concept>
  <concept>
    <code value="W15" />
    <display value="Infertilidade/subfertildade" />
  </concept>
  <concept>
    <code value="W17" />
    <display value="Hemorragia pós-parto" />
  </concept>
  <concept>
    <code value="W18" />
    <display value="Sinais/sintomas pós-parto" />
  </concept>
  <concept>
    <code value="W19" />
    <display value="Sinais/sintomas da mama/lactação" />
  </concept>
  <concept>
    <code value="W21" />
    <display value="Preocupação com a imagem corporal na gravidez" />
  </concept>
  <concept>
    <code value="W27" />
    <display value="Medo de complicações na gravidez" />
  </concept>
  <concept>
    <code value="W28" />
    <display value="Limitação funcional/incapacidade" />
  </concept>
  <concept>
    <code value="W29" />
    <display value="Sinais/sintomas da gravidez, outros" />
  </concept>
  <concept>
    <code value="W70" />
    <display value="Sepsis/infecção puerperal" />
  </concept>
  <concept>
    <code value="W71" />
    <display value="Infecções que complicam a gravidez" />
  </concept>
  <concept>
    <code value="W72" />
    <display value="Neoplasia maligna relacionada com gravidez" />
  </concept>
  <concept>
    <code value="W73" />
    <display value="Neoplasia benigna/incerta relacionada com a gravidez" />
  </concept>
  <concept>
    <code value="W75" />
    <display value="Lesões traumáticas que complicam a gravidez" />
  </concept>
  <concept>
    <code value="W76" />
    <display value="Malformação congénita que complica a gravidez" />
  </concept>
  <concept>
    <code value="W78" />
    <display value="Gravidez" />
  </concept>
  <concept>
    <code value="W79" />
    <display value="Gravidez não desejada" />
  </concept>
  <concept>
    <code value="W80" />
    <display value="Gravidez ectópica" />
  </concept>
  <concept>
    <code value="W81" />
    <display value="Toxemia gravídica/ DHEG" />
  </concept>
  <concept>
    <code value="W82" />
    <display value="Aborto espontâneo" />
  </concept>
  <concept>
    <code value="W83" />
    <display value="Aborto provocado" />
  </concept>
  <concept>
    <code value="W84" />
    <display value="Gravidez de alto risco" />
  </concept>
  <concept>
    <code value="W85" />
    <display value="Diabetes gestacional" />
  </concept>
  <concept>
    <code value="W90" />
    <display value="Parto sem complicações de nascido vivo" />
  </concept>
  <concept>
    <code value="W91" />
    <display value="Parto sem complicações de natimorto" />
  </concept>
  <concept>
    <code value="W92" />
    <display value="Parto com complicações de nascido vivo" />
  </concept>
  <concept>
    <code value="W93" />
    <display value="Parto com complicações de natimorto" />
  </concept>
  <concept>
    <code value="W94" />
    <display value="Mastite puerperal" />
  </concept>
  <concept>
    <code value="W95" />
    <display value="Outros problemas da mama durante gravidez/puerpério" />
  </concept>
  <concept>
    <code value="W96" />
    <display value="Outras complicações do puerpério" />
  </concept>
  <concept>
    <code value="W99" />
    <display value="Outros problemas da gravidez/parto" />
  </concept>
  <concept>
    <code value="X01" />
    <display value="Dor genital" />
  </concept>
  <concept>
    <code value="X02" />
    <display value="Dores menstruais" />
  </concept>
  <concept>
    <code value="X03" />
    <display value="Dores intermenstruais" />
  </concept>
  <concept>
    <code value="X04" />
    <display value="Relação sexual dolorosa na mulher" />
  </concept>
  <concept>
    <code value="X05" />
    <display value="Menstruação escassa/ausente" />
  </concept>
  <concept>
    <code value="X06" />
    <display value="Menstruação excessiva" />
  </concept>
  <concept>
    <code value="X07" />
    <display value="Menstruação irregular/frequente" />
  </concept>
  <concept>
    <code value="X08" />
    <display value="Hemorragia intermenstrual" />
  </concept>
  <concept>
    <code value="X09" />
    <display value="Sinais/sintomas pré-menstruais" />
  </concept>
  <concept>
    <code value="X10" />
    <display value="Desejo de alterar a data menstruação" />
  </concept>
  <concept>
    <code value="X11" />
    <display value="Sinais/sintomas da menopausa/ climatério" />
  </concept>
  <concept>
    <code value="X12" />
    <display value="Hemorragia pós-menopausa" />
  </concept>
  <concept>
    <code value="X13" />
    <display value="Hemorragia pós-coital" />
  </concept>
  <concept>
    <code value="X14" />
    <display value="Secreção vaginal" />
  </concept>
  <concept>
    <code value="X15" />
    <display value="Sinais/sintomas da vagina" />
  </concept>
  <concept>
    <code value="X16" />
    <display value="Sinais/sintomas da vulva" />
  </concept>
  <concept>
    <code value="X17" />
    <display value="Sinais/sintomas da pélvis feminina" />
  </concept>
  <concept>
    <code value="X18" />
    <display value="Dor na mama feminina" />
  </concept>
  <concept>
    <code value="X19" />
    <display value="Tumor ou nódulo na mama feminina" />
  </concept>
  <concept>
    <code value="X20" />
    <display value="Sinais/sintomas do mamilo da mulher" />
  </concept>
  <concept>
    <code value="X21" />
    <display value="Sinais/sintomas da mama feminina, outros" />
  </concept>
  <concept>
    <code value="X22" />
    <display value="Preocupação com a aparência da mama feminina" />
  </concept>
  <concept>
    <code value="X23" />
    <display value="Medo de doença de transmissão sexual" />
  </concept>
  <concept>
    <code value="X24" />
    <display value="Medo de disfunção sexual" />
  </concept>
  <concept>
    <code value="X25" />
    <display value="Medo de câncer genital" />
  </concept>
  <concept>
    <code value="X26" />
    <display value="Medo de câncer na mama" />
  </concept>
  <concept>
    <code value="X27" />
    <display value="Medo de outra doença genital/mama" />
  </concept>
  <concept>
    <code value="X28" />
    <display value="Limitação funcional/incapacidade" />
  </concept>
  <concept>
    <code value="X29" />
    <display value="Sinais/sintomas do aparelho genital feminino, outra" />
  </concept>
  <concept>
    <code value="X70" />
    <display value="Sífilis feminina" />
  </concept>
  <concept>
    <code value="X71" />
    <display value="Gonorréia feminina" />
  </concept>
  <concept>
    <code value="X72" />
    <display value="Candidíase genital feminina" />
  </concept>
  <concept>
    <code value="X73" />
    <display value="Tricomoníase genital feminina" />
  </concept>
  <concept>
    <code value="X74" />
    <display value="Doença inflamatória pélvica" />
  </concept>
  <concept>
    <code value="X75" />
    <display value="Neoplasia maligna do colo" />
  </concept>
  <concept>
    <code value="X76" />
    <display value="Neoplasia maligna da mama feminina" />
  </concept>
  <concept>
    <code value="X77" />
    <display value="Neoplasia maligna genital feminina, outra" />
  </concept>
  <concept>
    <code value="X78" />
    <display value="Fibromioma uterino" />
  </concept>
  <concept>
    <code value="X79" />
    <display value="Neoplasia benigna da mama feminina/ fibroadenoma" />
  </concept>
  <concept>
    <code value="X80" />
    <display value="Neoplasia benigna genital" />
  </concept>
  <concept>
    <code value="X81" />
    <display value="Neoplasia genital feminina, outra/NE" />
  </concept>
  <concept>
    <code value="X82" />
    <display value="Lesão traumática genital feminina" />
  </concept>
  <concept>
    <code value="X83" />
    <display value="Malformações congênitas genitais" />
  </concept>
  <concept>
    <code value="X84" />
    <display value="Vaginite/vulvite NE" />
  </concept>
  <concept>
    <code value="X85" />
    <display value="Doença do colo NE" />
  </concept>
  <concept>
    <code value="X86" />
    <display value="Esfregaço de Papanicolau/colpocitologia oncótica anormal" />
  </concept>
  <concept>
    <code value="X87" />
    <display value="Prolapso utero-vaginal" />
  </concept>
  <concept>
    <code value="X88" />
    <display value="Doença fibrocística da mama" />
  </concept>
  <concept>
    <code value="X89" />
    <display value="Síndrome da tensão pré-menstrual" />
  </concept>
  <concept>
    <code value="X90" />
    <display value="Herpes genital feminino" />
  </concept>
  <concept>
    <code value="X91" />
    <display value="Condiloma acuminado feminino" />
  </concept>
  <concept>
    <code value="X92" />
    <display value="Infecção por clamídia" />
  </concept>
  <concept>
    <code value="X99" />
    <display value="Doença genital feminina, outra" />
  </concept>
  <concept>
    <code value="Y01" />
    <display value="Dor no pênis" />
  </concept>
  <concept>
    <code value="Y02" />
    <display value="Dor no escroto/testículos" />
  </concept>
  <concept>
    <code value="Y03" />
    <display value="Secreção uretral" />
  </concept>
  <concept>
    <code value="Y04" />
    <display value="Sinais/sintomas do pênis, outros" />
  </concept>
  <concept>
    <code value="Y05" />
    <display value="Sinais/sintomas do escroto/testículos, outros" />
  </concept>
  <concept>
    <code value="Y06" />
    <display value="Sinais/sintomas da próstata" />
  </concept>
  <concept>
    <code value="Y07" />
    <display value="Impotência NE" />
  </concept>
  <concept>
    <code value="Y08" />
    <display value="Sinais/sintomas da função sexual masculina, outros" />
  </concept>
  <concept>
    <code value="Y10" />
    <display value="Infertilidade/subfertildade masculina" />
  </concept>
  <concept>
    <code value="Y13" />
    <display value="Esterilização masculina" />
  </concept>
  <concept>
    <code value="Y14" />
    <display value="Planejamento familiar, outros" />
  </concept>
  <concept>
    <code value="Y16" />
    <display value="Sinais/sintomas da mama masculina" />
  </concept>
  <concept>
    <code value="Y24" />
    <display value="Medo de disfunção sexual masculina" />
  </concept>
  <concept>
    <code value="Y25" />
    <display value="Medo de doença sexualmente transmissível" />
  </concept>
  <concept>
    <code value="Y26" />
    <display value="Medo de câncer genital masculino" />
  </concept>
  <concept>
    <code value="Y27" />
    <display value="Medo de doença genital masculina, outra" />
  </concept>
  <concept>
    <code value="Y28" />
    <display value="Limitação funcional/incapacidade" />
  </concept>
  <concept>
    <code value="Y29" />
    <display value="Sinais/sintomas, outros" />
  </concept>
  <concept>
    <code value="Y70" />
    <display value="Sífilis masculina" />
  </concept>
  <concept>
    <code value="Y71" />
    <display value="Gonorréia masculina" />
  </concept>
  <concept>
    <code value="Y72" />
    <display value="Herpes genital" />
  </concept>
  <concept>
    <code value="Y73" />
    <display value="Prostatite/vesiculite seminal" />
  </concept>
  <concept>
    <code value="Y74" />
    <display value="Orquite/epididimite" />
  </concept>
  <concept>
    <code value="Y75" />
    <display value="Balanite/ Balanopostite" />
  </concept>
  <concept>
    <code value="Y76" />
    <display value="Condiloma acuminado" />
  </concept>
  <concept>
    <code value="Y77" />
    <display value="Neoplasia maligna da próstata" />
  </concept>
  <concept>
    <code value="Y78" />
    <display value="Neoplasia maligna genital masculina, outra" />
  </concept>
  <concept>
    <code value="Y79" />
    <display value="Neoplasia benigna genital masculina NE" />
  </concept>
  <concept>
    <code value="Y80" />
    <display value="Traumatismo genital masculino, outro" />
  </concept>
  <concept>
    <code value="Y81" />
    <display value="Fimose/prepúcio redundante" />
  </concept>
  <concept>
    <code value="Y82" />
    <display value="Hipospádias" />
  </concept>
  <concept>
    <code value="Y83" />
    <display value="Testículo não descido/ Criptorquidia/ Testículo ectópico" />
  </concept>
  <concept>
    <code value="Y84" />
    <display value="Malformação genital congénita masculina, outra" />
  </concept>
  <concept>
    <code value="Y85" />
    <display value="Hipertrofia benigna da próstata/ hiperplasia prostática benigna" />
  </concept>
  <concept>
    <code value="Y86" />
    <display value="Hidrocele" />
  </concept>
  <concept>
    <code value="Y99" />
    <display value="Doença genital masculina, outra" />
  </concept>
  <concept>
    <code value="Z01" />
    <display value="Pobreza/problemas econômicos" />
  </concept>
  <concept>
    <code value="Z02" />
    <display value="Problemas relacionados a água/alimentação" />
  </concept>
  <concept>
    <code value="Z03" />
    <display value="Problemas de habitação/vizinhança" />
  </concept>
  <concept>
    <code value="Z04" />
    <display value="Problema socio-cultural" />
  </concept>
  <concept>
    <code value="Z05" />
    <display value="Problemas com condições de trabalho" />
  </concept>
  <concept>
    <code value="Z06" />
    <display value="Problemas de desemprego" />
  </concept>
  <concept>
    <code value="Z07" />
    <display value="Problemas relacionados com educação" />
  </concept>
  <concept>
    <code value="Z08" />
    <display value="Problema relacionado com sistema de segurança social" />
  </concept>
  <concept>
    <code value="Z09" />
    <display value="Problema de ordem legal" />
  </concept>
  <concept>
    <code value="Z10" />
    <display value="Problema relacionado com sistema de saúde" />
  </concept>
  <concept>
    <code value="Z11" />
    <display value="Problema relacionado com estar doente" />
  </concept>
  <concept>
    <code value="Z12" />
    <display value="Problema de relacionamento com parceiro/ conjugal" />
  </concept>
  <concept>
    <code value="Z13" />
    <display value="Problema comportamental do parceiro/  companheiro" />
  </concept>
  <concept>
    <code value="Z14" />
    <display value="Problema por doença do parceiro/ companheiro" />
  </concept>
  <concept>
    <code value="Z15" />
    <display value="Perda ou falecimento do parceiro/ companheiro" />
  </concept>
  <concept>
    <code value="Z16" />
    <display value="Problema de relacionamento com criança" />
  </concept>
  <concept>
    <code value="Z18" />
    <display value="Problema com criança doente" />
  </concept>
  <concept>
    <code value="Z19" />
    <display value="Perda ou falecimento de criança" />
  </concept>
  <concept>
    <code value="Z20" />
    <display value="Problema de relacionamento com familiares" />
  </concept>
  <concept>
    <code value="Z21" />
    <display value="Problema comportamental de familiar" />
  </concept>
  <concept>
    <code value="Z22" />
    <display value="Problema por doença familiar" />
  </concept>
  <concept>
    <code value="Z23" />
    <display value="Perda/falecimento de familiar" />
  </concept>
  <concept>
    <code value="Z24" />
    <display value="Problema de relacionamento com amigos" />
  </concept>
  <concept>
    <code value="Z25" />
    <display value="Ato ou acontecimento violento" />
  </concept>
  <concept>
    <code value="Z27" />
    <display value="Medo de problema social" />
  </concept>
  <concept>
    <code value="Z28" />
    <display value="Limitação funcional/incapacidade" />
  </concept>
  <concept>
    <code value="Z29" />
    <display value="Problema social NE" />
  </concept>
</CodeSystem>