<?xml version="1.0" encoding="utf-8"?>
<CodeSystem xmlns="http://hl7.org/fhir">
  <id value="46a35341-c9d5-4383-904a-2cd318dc7011" />
  <meta>
    <versionId value="2" />
    <lastUpdated value="2020-03-11T18:10:50.535+00:00" />
  </meta>
  <language value="pt-BR" />
  <url value="http://www.saude.gov.br/fhir/r4/CodeSystem/BRComponenteAssistenciaFarmaceutica" />
  <version value="201701A" />
  <name value="Componente da Assistência Farmacêutica" />
  <status value="active" />
  <experimental value="false" />
  <date value="2020-03-11T18:11:11.0252109+00:00" />
  <publisher value="Ministério da Saúde do Brasil" />
  <description value="Identifica o componente da assistência farmacêutica de uma substância ou produto." />
  <content value="complete" />
  <concept>
    <code value="B" />
    <display value="Básico" />
  </concept>
  <concept>
    <code value="S" />
    <display value="Estratégico" />
  </concept>
  <concept>
    <code value="E" />
    <display value="Especializado" />
  </concept>
  <concept>
    <code value="O" />
    <display value="Outros" />
  </concept>
</CodeSystem>