<?xml version="1.0" encoding="utf-8"?>
<CodeSystem xmlns="http://hl7.org/fhir">
  <id value="9ce9e53d-27c5-4e97-825a-5cdee9d38ae0" />
  <meta>
    <versionId value="1" />
    <lastUpdated value="2020-03-11T18:15:18.207+00:00" />
  </meta>
  <language value="pt-BR" />
  <url value="http://www.saude.gov.br/fhir/r4/CodeSystem/BRLocalAfericao" />
  <version value="1.0" />
  <name value="Local de Aferição" />
  <status value="active" />
  <experimental value="false" />
  <date value="2020-03-11T18:15:38.6898126+00:00" />
  <publisher value="Ministério da Saúde do Brasil" />
  <description value="Identifica a parte do corpo utilizada para realizar uma mensuração ou aferição." />
  <content value="complete" />
  <concept>
    <code value="1" />
    <display value="Braço direito" />
  </concept>
  <concept>
    <code value="2" />
    <display value="Braço esquerdo" />
  </concept>
  <concept>
    <code value="3" />
    <display value="Coxa direita" />
  </concept>
  <concept>
    <code value="4" />
    <display value="Coxa esquerda" />
  </concept>
  <concept>
    <code value="5" />
    <display value="Pulso direito" />
  </concept>
  <concept>
    <code value="6" />
    <display value="Pulso esquerdo" />
  </concept>
  <concept>
    <code value="7" />
    <display value="Tornozelo direito" />
  </concept>
  <concept>
    <code value="8" />
    <display value="Tornozelo esquerdo" />
  </concept>
  <concept>
    <code value="9" />
    <display value="Dedo da mão" />
  </concept>
  <concept>
    <code value="10" />
    <display value="Dedo do pé" />
  </concept>
</CodeSystem>