<?xml version="1.0" encoding="utf-8"?>
<CodeSystem xmlns="http://hl7.org/fhir">
  <id value="56d007e3-e37f-452a-af44-566381bd1deb" />
  <meta>
    <versionId value="1" />
    <lastUpdated value="2020-03-26T13:13:42.394+00:00" />
  </meta>
  <language value="pt-BR" />
  <url value="http://www.saude.gov.br/fhir/r4/CodeSystem/BRNomeExameLOINC" />
  <version value="201701A" />
  <name value="Exames LOINC para COVID-19" />
  <status value="active" />
  <experimental value="false" />
  <date value="2020-03-26T13:13:41.2570418+00:00" />
  <publisher value="Ministério da Saúde do Brasil" />
  <description value="Classifica o exame laboratorial realizado em amostra biológica para diagnóstico de COVID-19, de acordo com a terminologia LOINC." />
  <content value="complete" />
  <concept>
    <code value="94547-7" />
    <display value="SARS Coronavírus 2, presença de anticorpos IgG e IgM em soro ou plasma por imunoensaio" />
  </concept>
  <concept>
    <code value="94533-7" />
    <display value="SARS Coronavírus 2, presença de gene N em amostra respiratória por amplificação do ácido nucleico com detecção por sonda" />
  </concept>
  <concept>
    <code value="94534-5" />
    <display value="SARS Coronavírus 2, presença de gene RdRp em amostra respiratória por amplificação do ácido nucleico com detecção por sonda" />
  </concept>
  <concept>
    <code value="94500-6" />
    <display value="SARS Coronavírus 2, presença de RNA em amostra respiratória por amplificação do ácido nucleico com detecção por sonda" />
  </concept>
  <concept>
    <code value="94502-2" />
    <display value="SARS Coronavírus relacionado, presença de RNA em amostra respiratória por amplificação do ácido nucleico com detecção por sonda" />
  </concept>
  <concept>
    <code value="94505-5" />
    <display value="SARS Coronavírus 2, dosagem de anticorpos IgG [Unidades/Volume] em soro ou plasma por imunoensaio" />
  </concept>
  <concept>
    <code value="94506-3" />
    <display value="SARS Coronavírus 2, dosagem de anticorpos IgM [Unidades/Volume] em soro ou plasma por imunoensaio" />
  </concept>
  <concept>
    <code value="94507-1" />
    <display value="SARS Coronavírus 2, presença de anticorpos IgG em soro ou plasma por imunoensaio" />
  </concept>
  <concept>
    <code value="94509-7" />
    <display value="SARS Coronavírus 2, limiar de ciclo de gene E em amostra não especificada por amplificação do ácido nucleico com detecção por sonda" />
  </concept>
  <concept>
    <code value="94508-9" />
    <display value="SARS Coronavírus 2, presença de anticorpos IgM em soro ou plasma por imunoensaio" />
  </concept>
  <concept>
    <code value="94510-5" />
    <display value="SARS Coronavírus 2, limiar de ciclo de gene 2 N em amostra não especificada por amplificação de ácido nucleico com detecção por sonda" />
  </concept>
  <concept>
    <code value="94511-3" />
    <display value="SARS Coronavírus 2, limiar de ciclo da região ORF1ab em amostra não especificada por amplificação de ácido nucleico com detecção por sonda" />
  </concept>
  <concept>
    <code value="94307-6" />
    <display value="SARS Coronavírus, presença de gene 2 N em amostra não especificada por amplificação de ácido nucleico usando conjunto de sonda / primer N1" />
  </concept>
  <concept>
    <code value="94308-4" />
    <display value="SARS Coronavírus 2, presença de gene N em amostra não especificada, por amplificação de ácido nucleico usando conjunto de sonda / primer N2" />
  </concept>
  <concept>
    <code value="94309-2" />
    <display value="SARS Coronavírus 2, presença de RNA em amostra não especificada, por amplificação do ácido nucleico com detecção por sonda" />
  </concept>
  <concept>
    <code value="94311-8" />
    <display value="SARS Coronavírus 2, limiar de ciclo de gene N em amostra não especificada por amplificação de ácido nucleico usando conjunto de sonda / primer N1" />
  </concept>
  <concept>
    <code value="94312-6" />
    <display value="SARS Coronavírus 2, limiar de ciclo de gene N em amostra não especificada por amplificação de ácido nucleico usando conjunto de sonda / primer N2" />
  </concept>
  <concept>
    <code value="94314-2" />
    <display value="SARS Coronavírus 2, presença de gene RdRp em amostra não especificada por amplificação do ácido nucleico com detecção por sonda" />
  </concept>
  <concept>
    <code value="94315-9" />
    <display value="SARS Coronavírus 2, presença de gene E em amostra não especificada por amplificação de ácido nucleico com detecção por sonda" />
  </concept>
  <concept>
    <code value="94316-7" />
    <display value="SARS Coronavírus 2, presença de gene N em amostra não especificada por amplificação de ácido nucleico com detecção por sonda" />
  </concept>
</CodeSystem>