<?xml version="1.0" encoding="utf-8"?>
<CodeSystem xmlns="http://hl7.org/fhir">
  <id value="8221ecd6-f33e-4080-bffd-36ed768d330b" />
  <meta>
    <versionId value="1" />
    <lastUpdated value="2020-03-11T18:19:26.441+00:00" />
  </meta>
  <language value="pt-BR" />
  <url value="http://www.saude.gov.br/fhir/r4/CodeSystem/BROrgaoExpedidor" />
  <version value="201701A" />
  <name value="Órgão Expedidor" />
  <status value="active" />
  <experimental value="false" />
  <date value="2020-03-11T18:19:46.5824974+00:00" />
  <publisher value="Ministério da Saúde do Brasil" />
  <description value="Órgãos responsáveis por expedir documentos no Brasil." />
  <content value="complete" />
  <concept>
    <code value="RFB" />
    <display value="Receita Federal do Brasil" />
  </concept>
  <concept>
    <code value="COREN" />
    <display value="Conselho Regional de Enfermagem (COREn)" />
  </concept>
  <concept>
    <code value="CRM" />
    <display value="Conselho Regional de Medicina (CRM)" />
  </concept>
  <concept>
    <code value="CRO" />
    <display value="Conselho Regional de Odontologia (CRO)" />
  </concept>
  <concept>
    <code value="CRA" />
    <display value="Conselho Regional de Administração (CRA)" />
  </concept>
  <concept>
    <code value="CRESS" />
    <display value="Conselho Regional de Serviço Social (CRESS)" />
  </concept>
  <concept>
    <code value="CRB" />
    <display value="Conselho Regional de Biblioteconomia (CRB)" />
  </concept>
  <concept>
    <code value="CRC" />
    <display value="Conselho Regional de Contabilidade (CRC)" />
  </concept>
  <concept>
    <code value="CRECI" />
    <display value="Conselho Regional de Corretores de Imóveis (CRECI)" />
  </concept>
  <concept>
    <code value="CORECON" />
    <display value="Conselho Regional de Economia (CORECON)" />
  </concept>
  <concept>
    <code value="CREA" />
    <display value="Conselho Regional de Engenharia e Agronomia (CREA)" />
  </concept>
  <concept>
    <code value="CONFRE" />
    <display value="Conselho Regional de Estatística (CONRE)" />
  </concept>
  <concept>
    <code value="CRF" />
    <display value="Conselho Regional de Farmácia (CRF)" />
  </concept>
  <concept>
    <code value="CREFITO" />
    <display value="Conselho Regional de Fisioterapia e Terapia Ocupacional (CREFITO)" />
  </concept>
  <concept>
    <code value="CRMV" />
    <display value="Conselho Regional de Medicina Veterinária (CRMV)" />
  </concept>
  <concept>
    <code value="CRN" />
    <display value="Conselho Regional de Nutrição (CRN)" />
  </concept>
  <concept>
    <code value="CONRERP" />
    <display value="Conselho Regional de Reçações Públicas (CONRERP)" />
  </concept>
  <concept>
    <code value="CRP" />
    <display value="Conselho Regional de Psicologia (CRP)" />
  </concept>
  <concept>
    <code value="CRQ" />
    <display value="Conselho Regional de Química (CRQ)" />
  </concept>
  <concept>
    <code value="CORE" />
    <display value="Conselho Regional de Representantes Comerciais (CORE)" />
  </concept>
  <concept>
    <code value="CREF" />
    <display value="Conselho Regional de Educação Física (CREF)" />
  </concept>
  <concept>
    <code value="CAU" />
    <display value="Conselho Regional de Arquitetura e Urbanismo (CAU)" />
  </concept>
  <concept>
    <code value="CRBIO" />
    <display value="Conselho Regional de Biologia (CRBio)" />
  </concept>
  <concept>
    <code value="CRBM" />
    <display value="Conselho Regional de Biomedicina (CRBM)" />
  </concept>
  <concept>
    <code value="CRBM" />
    <display value="Conselho Regional de Biomedicina (CRBM)" />
  </concept>
  <concept>
    <code value="CRFA" />
    <display value="Conselho Regional de Fonoaudiologia (CRFa/CREFONO)" />
  </concept>
  <concept>
    <code value="CRTR" />
    <display value="Conselho Regional de Técnicos em Radiologia (CRTR)" />
  </concept>
  <concept>
    <code value="CRT" />
    <display value="Conselho Regional dos Técnicos Industriais (CRT)" />
  </concept>
  <concept>
    <code value="OAB" />
    <display value="Ordem dos Advogados do BRAasil (OAB)" />
  </concept>
  <concept>
    <code value="EB" />
    <display value="Exército Brasileiro" />
  </concept>
  <concept>
    <code value="FAB" />
    <display value="Força Aérea Brasileira" />
  </concept>
  <concept>
    <code value="MB" />
    <display value="Marinha do Brasil" />
  </concept>
  <concept>
    <code value="PM" />
    <display value="Polícia Militar" />
  </concept>
  <concept>
    <code value="CBM" />
    <display value="Corpo de Bombeiros Militar" />
  </concept>
  <concept>
    <code value="SSP" />
    <display value="Serviço de Segurança Pública" />
  </concept>
  <concept>
    <code value="II" />
    <display value="Instituto de Identificação" />
  </concept>
  <concept>
    <code value="PCE" />
    <display value="Polícia Civil do Estado" />
  </concept>
  <concept>
    <code value="PF" />
    <display value="Polícia Federal" />
  </concept>
  <concept>
    <code value="DETRAN" />
    <display value="Departamento Estadual de Trânsito" />
  </concept>
  <concept>
    <code value="MS" />
    <display value="Ministério da Saúde" />
  </concept>
  <concept>
    <code value="MC" />
    <display value="Ministério da Cidadania" />
  </concept>
  <concept>
    <code value="CARTORIO" />
    <display value="Cartório de Registro Civil" />
  </concept>
  <concept>
    <code value="other" />
    <display value="Outro órgão não listado" />
  </concept>
</CodeSystem>