<?xml version="1.0" encoding="utf-8"?>
<CodeSystem xmlns="http://hl7.org/fhir">
  <id value="58037f7e-675d-4b4b-a9b4-651829b3c8dc" />
  <meta>
    <versionId value="1" />
    <lastUpdated value="2020-03-11T18:20:11.434+00:00" />
  </meta>
  <language value="pt-BR" />
  <url value="http://www.saude.gov.br/fhir/r4/CodeSystem/BRProgramaSaude" />
  <version value="201701A" />
  <name value="Programa de Saúde" />
  <status value="active" />
  <experimental value="false" />
  <date value="2020-03-11T18:20:31.915229+00:00" />
  <publisher value="Ministério da Saúde do Brasil" />
  <description value="Identifica um programa nacional de saúde brasileiro ou uma situação específica que exija monitoramento no mesmo formato de uma política pública." />
  <content value="complete" />
  <concept>
    <code value="1" />
    <display value="Hanseníase" />
  </concept>
  <concept>
    <code value="2" />
    <display value="Diabetes" />
  </concept>
  <concept>
    <code value="3" />
    <display value="DST/AIDS" />
  </concept>
  <concept>
    <code value="4" />
    <display value="Judicialização" />
  </concept>
  <concept>
    <code value="5" />
    <display value="Hipertensão" />
  </concept>
  <concept>
    <code value="6" />
    <display value="Saúde da Mulher" />
  </concept>
  <concept>
    <code value="7" />
    <display value="Saúde Mental" />
  </concept>
  <concept>
    <code value="8" />
    <display value="Hospitalar" />
  </concept>
  <concept>
    <code value="261" />
    <display value="Tuberculose" />
  </concept>
  <concept>
    <code value="281" />
    <display value="Tabagismo" />
  </concept>
  <concept>
    <code value="341" />
    <display value="Assistência Farmacêutica Básica" />
  </concept>
  <concept>
    <code value="361" />
    <display value="Assitência Farmacêutica" />
  </concept>
  <concept>
    <code value="381" />
    <display value="Saúde da Criança" />
  </concept>
  <concept>
    <code value="401" />
    <display value="SAMU" />
  </concept>
  <concept>
    <code value="421" />
    <display value="Especializado" />
  </concept>
  <concept>
    <code value="441" />
    <display value="UPA" />
  </concept>
  <concept>
    <code value="461" />
    <display value="Cólera" />
  </concept>
  <concept>
    <code value="481" />
    <display value="Assistência Social" />
  </concept>
  <concept>
    <code value="501" />
    <display value="Estratégicos" />
  </concept>
  <concept>
    <code value="521" />
    <display value="Urgência e Emergência" />
  </concept>
  <concept>
    <code value="541" />
    <display value="Glaucoma" />
  </concept>
  <concept>
    <code value="561" />
    <display value="Sem dor" />
  </concept>
  <concept>
    <code value="581" />
    <display value="Suplementação de Ferro" />
  </concept>
  <concept>
    <code value="601" />
    <display value="Estratégicos - Estado" />
  </concept>
  <concept>
    <code value="621" />
    <display value="Ação Civil Pública" />
  </concept>
  <concept>
    <code value="641" />
    <display value="Infecções Oportunistas DST/AIDS" />
  </concept>
  <concept>
    <code value="661" />
    <display value="Lúpus Eritematoso Sistêmico" />
  </concept>
  <concept>
    <code value="662" />
    <display value="Insumos" />
  </concept>
  <concept>
    <code value="681" />
    <display value="Suplementos Alimentares" />
  </concept>
  <concept>
    <code value="682" />
    <display value="Infecções Oportunistas DST/AIDS" />
  </concept>
  <concept>
    <code value="683" />
    <display value="Lúpus Eritematoso Sistêmico" />
  </concept>
  <concept>
    <code value="701" />
    <display value="Antimicrobianos" />
  </concept>
  <concept>
    <code value="721" />
    <display value="Mieloma Múltiplo" />
  </concept>
  <concept>
    <code value="761" />
    <display value="DPOC" />
  </concept>
  <concept>
    <code value="762" />
    <display value="Alzheimer" />
  </concept>
  <concept>
    <code value="763" />
    <display value="Oncologia" />
  </concept>
  <concept>
    <code value="764" />
    <display value="Diversos" />
  </concept>
  <concept>
    <code value="765" />
    <display value="Administrativos" />
  </concept>
  <concept>
    <code value="766" />
    <display value="Fraldas" />
  </concept>
  <concept>
    <code value="767" />
    <display value="Suplementos Alimentares" />
  </concept>
  <concept>
    <code value="781" />
    <display value="Atenção Secundária" />
  </concept>
  <concept>
    <code value="801" />
    <display value="Doença Enxerto Hospedeiro" />
  </concept>
  <concept>
    <code value="861" />
    <display value="Saúde Prisional" />
  </concept>
  <concept>
    <code value="881" />
    <display value="Edemias Focais" />
  </concept>
  <concept>
    <code value="882" />
    <display value="Epidemias" />
  </concept>
  <concept>
    <code value="901" />
    <display value="Tracoma" />
  </concept>
  <concept>
    <code value="902" />
    <display value="Leishmaniose" />
  </concept>
  <concept>
    <code value="903" />
    <display value="Meningite" />
  </concept>
  <concept>
    <code value="921" />
    <display value="Chagas" />
  </concept>
  <concept>
    <code value="922" />
    <display value="Influenza" />
  </concept>
  <concept>
    <code value="923" />
    <display value="Infecções Oportunistas" />
  </concept>
  <concept>
    <code value="941" />
    <display value="Malária" />
  </concept>
  <concept>
    <code value="961" />
    <display value="Estratégico" />
  </concept>
  <concept>
    <code value="981" />
    <display value="Alimentação e Nutrição" />
  </concept>
  <concept>
    <code value="1001" />
    <display value="Insulino-Dependente- DM I" />
  </concept>
  <concept>
    <code value="1021" />
    <display value="Insulino-Dependente- DM II" />
  </concept>
  <concept>
    <code value="1081" />
    <display value="Cólera" />
  </concept>
  <concept>
    <code value="1101" />
    <display value="Dengue" />
  </concept>
  <concept>
    <code value="1102" />
    <display value="Esquitossomose" />
  </concept>
  <concept>
    <code value="1121" />
    <display value="Nutrição" />
  </concept>
  <concept>
    <code value="1141" />
    <display value="Imunização" />
  </concept>
  <concept>
    <code value="1161" />
    <display value="Toxoplasmose" />
  </concept>
  <concept>
    <code value="1181" />
    <display value="Remédio em Casa" />
  </concept>
  <concept>
    <code value="1201" />
    <display value="Filariose" />
  </concept>
  <concept>
    <code value="1202" />
    <display value="Coagulopatias" />
  </concept>
  <concept>
    <code value="1221" />
    <display value="Micoses Sistêmicas" />
  </concept>
  <concept>
    <code value="1241" />
    <display value="Micoses Sistêmicas" />
  </concept>
  <concept>
    <code value="1261" />
    <display value="Peste" />
  </concept>
  <concept>
    <code value="1281" />
    <display value="Assitência Farmacêutica SESAI" />
  </concept>
  <concept>
    <code value="1301" />
    <display value="Assistência Farmacêutica SESAI" />
  </concept>
  <concept>
    <code value="1321" />
    <display value="DPOC" />
  </concept>
  <concept>
    <code value="1341" />
    <display value="DPOC" />
  </concept>
  <concept>
    <code value="1361" />
    <display value="Calamidade Pública" />
  </concept>
  <concept>
    <code value="1381" />
    <display value="SESAI" />
  </concept>
  <concept>
    <code value="1401" />
    <display value="Multidroga Resistente" />
  </concept>
  <concept>
    <code value="1421" />
    <display value="Órteses e Prósteses" />
  </concept>
  <concept>
    <code value="1441" />
    <display value="Esquitossomose" />
  </concept>
  <concept>
    <code value="1461" />
    <display value="Estrate" />
  </concept>
  <concept>
    <code value="1481" />
    <display value="Zoonoses" />
    <concept>
      <code value="1482" />
      <display value="Zoonoses" />
    </concept>
    <concept>
      <code value="1501" />
      <display value="Produtos para Saúde" />
    </concept>
    <concept>
      <code value="1541" />
      <display value="Geohelmintíases" />
    </concept>
    <concept>
      <code value="1561" />
      <display value="Coqueluche" />
    </concept>
    <concept>
      <code value="1562" />
      <display value="Febre Maculosa" />
    </concept>
    <concept>
      <code value="1601" />
      <display value="Odontologia" />
    </concept>
    <concept>
      <code value="1621" />
      <display value="Manipulados" />
    </concept>
    <concept>
      <code value="1641" />
      <display value="Síndrome Mielodisplásica - SMD" />
    </concept>
    <concept>
      <code value="1661" />
      <display value="Sífilis" />
    </concept>
    <concept>
      <code value="1681" />
      <display value="Programa de Toxicologia" />
    </concept>
    <concept>
      <code value="1701" />
      <display value="Sarampo" />
    </concept>
    <concept>
      <code value="1721" />
      <display value="Doença de Parkinson" />
    </concept>
    <concept>
      <code value="1761" />
      <display value="Doença Falciforme" />
    </concept>
    <concept>
      <code value="1762" />
      <display value="Brucelose" />
    </concept>
  </concept>
</CodeSystem>