<?xml version="1.0" encoding="utf-8"?>
<CodeSystem xmlns="http://hl7.org/fhir">
  <id value="f9877018-e2cb-4766-91c4-38d962a46f46" />
  <meta>
    <versionId value="1" />
    <lastUpdated value="2020-03-26T13:16:11.604+00:00" />
  </meta>
  <language value="pt-BR" />
  <url value="http://www.saude.gov.br/fhir/r4/CodeSystem/BRResultadoQualitativoExame" />
  <version value="201701A" />
  <name value="Resultado qualitativo do Exame" />
  <status value="active" />
  <experimental value="false" />
  <date value="2020-03-26T13:16:09.8385573+00:00" />
  <publisher value="Ministério da Saúde do Brasil" />
  <description value="Code System utilizado para definir o valor atribuído ao resultado de um exame laboratorial realizado por método de análise qualitativo." />
  <content value="complete" />
  <concept>
    <code value="1" />
    <display value="Detectável" />
  </concept>
  <concept>
    <code value="2" />
    <display value="Não Detectável" />
  </concept>
  <concept>
    <code value="3" />
    <display value="Inconclusivo" />
  </concept>
</CodeSystem>