<?xml version="1.0" encoding="utf-8"?>
<CodeSystem xmlns="http://hl7.org/fhir">
  <id value="193a1982-6b00-4fa3-ab1d-ac08069416d2" />
  <meta>
    <versionId value="1" />
    <lastUpdated value="2020-03-11T18:25:07.019+00:00" />
  </meta>
  <language value="pt-BR" />
  <url value="http://www.saude.gov.br/fhir/r4/CodeSystem/BRTipoEstabelecimentoSaude" />
  <version value="201701A" />
  <name value="Tipo de Estabelecimento de Saúde" />
  <status value="active" />
  <experimental value="false" />
  <date value="2020-03-11T18:25:27.5167216+00:00" />
  <publisher value="Ministério da Saúde do Brasil" />
  <description value="Códigos para representação de tipos de estabelecimentos de saúde, de acordo com codificação já existente para o Cadastro Nacional de Estabelecimentos de Saúde (CNES)." />
  <content value="complete" />
  <concept>
    <code value="84" />
    <display value="CENTRAL DE ABASTECIMENTO" />
  </concept>
  <concept>
    <code value="68" />
    <display value="CENTRAL DE GESTAO EM SAUDE" />
  </concept>
  <concept>
    <code value="82" />
    <display value="CENTRAL DE NOTIFICACAO,CAPTACAO E DISTRIB DE ORGAOS ESTADUAL" />
  </concept>
  <concept>
    <code value="64" />
    <display value="CENTRAL DE REGULACAO DE SERVICOS DE SAUDE" />
  </concept>
  <concept>
    <code value="81" />
    <display value="CENTRAL DE REGULACAO DO ACESSO" />
  </concept>
  <concept>
    <code value="76" />
    <display value="CENTRAL DE REGULACAO MEDICA DAS URGENCIAS" />
  </concept>
  <concept>
    <code value="71" />
    <display value="CENTRO DE APOIO A SAUDE DA FAMILIA" />
  </concept>
  <concept>
    <code value="69" />
    <display value="CENTRO DE ATENCAO HEMOTERAPIA E OU HEMATOLOGICA" />
  </concept>
  <concept>
    <code value="70" />
    <display value="CENTRO DE ATENCAO PSICOSSOCIAL" />
  </concept>
  <concept>
    <code value="85" />
    <display value="CENTRO DE IMUNIZACAO" />
  </concept>
  <concept>
    <code value="61" />
    <display value="CENTRO DE PARTO NORMAL - ISOLADO" />
  </concept>
  <concept>
    <code value="2" />
    <display value="CENTRO DE SAUDE/UNIDADE BASICA" />
  </concept>
  <concept>
    <code value="36" />
    <display value="CLINICA/CENTRO DE ESPECIALIDADE" />
  </concept>
  <concept>
    <code value="22" />
    <display value="CONSULTORIO ISOLADO" />
  </concept>
  <concept>
    <code value="60" />
    <display value="COOPERATIVA OU EMPRESA DE CESSAO DE TRABALHADORES NA SAUDE" />
  </concept>
  <concept>
    <code value="43" />
    <display value="FARMACIA" />
  </concept>
  <concept>
    <code value="7" />
    <display value="HOSPITAL ESPECIALIZADO" />
  </concept>
  <concept>
    <code value="5" />
    <display value="HOSPITAL GERAL" />
  </concept>
  <concept>
    <code value="62" />
    <display value="HOSPITAL/DIA - ISOLADO" />
  </concept>
  <concept>
    <code value="67" />
    <display value="LABORATORIO CENTRAL DE SAUDE PUBLICA LACEN" />
  </concept>
  <concept>
    <code value="80" />
    <display value="LABORATORIO DE SAUDE PUBLICA" />
  </concept>
  <concept>
    <code value="79" />
    <display value="OFICINA ORTOPEDICA" />
  </concept>
  <concept>
    <code value="4" />
    <display value="POLICLINICA" />
  </concept>
  <concept>
    <code value="74" />
    <display value="POLO ACADEMIA DA SAUDE" />
  </concept>
  <concept>
    <code value="83" />
    <display value="POLO DE PREVENCAO DE DOENCAS E AGRAVOS E PROMOCAO DA SAUDE" />
  </concept>
  <concept>
    <code value="1" />
    <display value="POSTO DE SAUDE" />
  </concept>
  <concept>
    <code value="73" />
    <display value="PRONTO ATENDIMENTO" />
  </concept>
  <concept>
    <code value="21" />
    <display value="PRONTO SOCORRO ESPECIALIZADO" />
  </concept>
  <concept>
    <code value="20" />
    <display value="PRONTO SOCORRO GERAL" />
  </concept>
  <concept>
    <code value="77" />
    <display value="SERVICO DE ATENCAO DOMICILIAR ISOLADO(HOME CARE)" />
  </concept>
  <concept>
    <code value="75" />
    <display value="TELESSAUDE" />
  </concept>
  <concept>
    <code value="39" />
    <display value="UNIDADE DE APOIO DIAGNOSE E TERAPIA (SADT ISOLADO)" />
  </concept>
  <concept>
    <code value="72" />
    <display value="UNIDADE DE ATENCAO A SAUDE INDIGENA" />
  </concept>
  <concept>
    <code value="78" />
    <display value="UNIDADE DE ATENCAO EM REGIME RESIDENCIAL" />
  </concept>
  <concept>
    <code value="50" />
    <display value="UNIDADE DE VIGILANCIA EM SAUDE" />
  </concept>
  <concept>
    <code value="15" />
    <display value="UNIDADE MISTA" />
  </concept>
  <concept>
    <code value="42" />
    <display value="UNIDADE MOVEL DE NIVEL PRE-HOSPITALAR NA AREA DE URGENCIA" />
  </concept>
  <concept>
    <code value="32" />
    <display value="UNIDADE MOVEL FLUVIAL" />
  </concept>
  <concept>
    <code value="40" />
    <display value="UNIDADE MOVEL TERRESTRE" />
  </concept>
</CodeSystem>