<?xml version="1.0" encoding="utf-8"?>
<CodeSystem xmlns="http://hl7.org/fhir">
  <id value="0d652ad3-e29a-4353-a011-4adef4b1bdce" />
  <meta>
    <versionId value="1" />
    <lastUpdated value="2020-03-11T18:25:29.68+00:00" />
  </meta>
  <language value="pt-BR" />
  <url value="http://www.saude.gov.br/fhir/r4/CodeSystem/BRTipoObservacao" />
  <version value="201701A" />
  <name value="Tipo de Observação" />
  <status value="active" />
  <experimental value="false" />
  <date value="2020-03-11T18:25:50.173869+00:00" />
  <publisher value="Ministério da Saúde do Brasil" />
  <description value="Tipo de Observação." />
  <content value="complete" />
  <concept>
    <code value="DSIA" />
    <display value="Declaração Subjetiva do Indivíudo para o Atendimento" />
  </concept>
  <concept>
    <code value="RECIDI" />
    <display value="Resumo da evolução clínica do indivíduo durante a internação" />
  </concept>
  <concept>
    <code value="DF" />
    <display value="Dados do desfecho" />
  </concept>
  <concept>
    <code value="IAC" />
    <display value="Informações Adicionais/Complementares" />
  </concept>
  <concept>
    <code value="P" />
    <display value="Peso" />
  </concept>
  <concept>
    <code value="A" />
    <display value="Altura" />
  </concept>
  <concept>
    <code value="PC" />
    <display value="Perímetro Cefálico" />
  </concept>
  <concept>
    <code value="CA" />
    <display value="Circunferência Abdominal" />
  </concept>
  <concept>
    <code value="PA" />
    <display value="Pressão Arterial" />
  </concept>
</CodeSystem>