<?xml version="1.0" encoding="utf-8"?>
<CodeSystem xmlns="http://hl7.org/fhir">
  <id value="17e2ef91-3e42-4c64-8d47-29436b71f951" />
  <meta>
    <versionId value="1" />
    <lastUpdated value="2020-03-11T18:25:47.903+00:00" />
  </meta>
  <language value="pt-BR" />
  <url value="http://www.saude.gov.br/fhir/r4/CodeSystem/BRUnidadeFarmaceutica" />
  <version value="201701A" />
  <name value="Unidade Farmacêutica" />
  <status value="active" />
  <experimental value="false" />
  <date value="2020-03-11T18:26:08.3841005+00:00" />
  <publisher value="Ministério da Saúde do Brasil" />
  <description value="Identifica a unidade farmacêutica de uma substância." />
  <content value="complete" />
  <concept>
    <code value="01" />
    <display value="AMP" />
  </concept>
  <concept>
    <code value="03" />
    <display value="BAR." />
  </concept>
  <concept>
    <code value="05" />
    <display value="BAS." />
  </concept>
  <concept>
    <code value="06" />
    <display value="BS." />
  </concept>
  <concept>
    <code value="09" />
    <display value="BOL." />
  </concept>
  <concept>
    <code value="100" />
    <display value="MG" />
  </concept>
  <concept>
    <code value="11" />
    <display value="CX." />
  </concept>
  <concept>
    <code value="114" />
    <display value="UN" />
  </concept>
  <concept>
    <code value="117" />
    <display value="ENV" />
  </concept>
  <concept>
    <code value="12" />
    <display value="CPS." />
  </concept>
  <concept>
    <code value="14" />
    <display value="CART." />
  </concept>
  <concept>
    <code value="17" />
    <display value="CM" />
  </concept>
  <concept>
    <code value="21" />
    <display value="COMP." />
  </concept>
  <concept>
    <code value="23" />
    <display value="DRG." />
  </concept>
  <concept>
    <code value="25" />
    <display value="ENV." />
  </concept>
  <concept>
    <code value="31" />
    <display value="FR." />
  </concept>
  <concept>
    <code value="32" />
    <display value="FR-AMP." />
  </concept>
  <concept>
    <code value="36" />
    <display value="GR." />
  </concept>
  <concept>
    <code value="37" />
    <display value="GS." />
  </concept>
  <concept>
    <code value="39" />
    <display value="LT." />
  </concept>
  <concept>
    <code value="46" />
    <display value="ML." />
  </concept>
  <concept>
    <code value="48" />
    <display value="OV." />
  </concept>
  <concept>
    <code value="51" />
    <display value="PAST." />
  </concept>
  <concept>
    <code value="55" />
    <display value="PTE." />
  </concept>
  <concept>
    <code value="60" />
    <display value="SUP." />
  </concept>
  <concept>
    <code value="61" />
    <display value="TBL." />
  </concept>
  <concept>
    <code value="65" />
    <display value="TB." />
  </concept>
  <concept>
    <code value="66" />
    <display value="UN" />
  </concept>
  <concept>
    <code value="70" />
    <display value="TBT." />
  </concept>
  <concept>
    <code value="75" />
    <display value="CARTELA" />
  </concept>
  <concept>
    <code value="78" />
    <display value="SERINGA" />
  </concept>
  <concept>
    <code value="79" />
    <display value="BLISTER" />
  </concept>
  <concept>
    <code value="80" />
    <display value="SACHE" />
  </concept>
  <concept>
    <code value="81" />
    <display value="DOSE" />
  </concept>
  <concept>
    <code value="82" />
    <display value="CARP" />
  </concept>
  <concept>
    <code value="83" />
    <display value="FLAC" />
  </concept>
  <concept>
    <code value="84" />
    <display value="CAP LIB PR" />
  </concept>
  <concept>
    <code value="85" />
    <display value="CAP LIB RE" />
  </concept>
  <concept>
    <code value="86" />
    <display value="CAP INAL" />
  </concept>
  <concept>
    <code value="87" />
    <display value="COMP" />
  </concept>
  <concept>
    <code value="88" />
    <display value="CP DS LENT" />
  </concept>
  <concept>
    <code value="89" />
    <display value="COMP/CP LR" />
  </concept>
  <concept>
    <code value="90" />
    <display value="DRÁG/COMP" />
  </concept>
  <concept>
    <code value="91" />
    <display value="ENEMA" />
  </concept>
  <concept>
    <code value="92" />
    <display value="FR 100 DOS" />
  </concept>
  <concept>
    <code value="93" />
    <display value="FR 200 DOS" />
  </concept>
  <concept>
    <code value="94" />
    <display value="FR 60 DOS" />
  </concept>
  <concept>
    <code value="95" />
    <display value="F-AP/SR PR" />
  </concept>
  <concept>
    <code value="96" />
    <display value="SER PREENC" />
  </concept>
  <concept>
    <code value="97" />
    <display value="CAP" />
  </concept>
  <concept>
    <code value="98" />
    <display value="DRÁGEA" />
  </concept>
  <concept>
    <code value="99" />
    <display value="SUPOS" />
  </concept>
</CodeSystem>