<?xml version="1.0" encoding="utf-8"?>
<StructureDefinition xmlns="http://hl7.org/fhir">
  <id value="cb403d6a-588e-4d65-b0a6-0ef6da47675d" />
  <meta>
    <versionId value="1" />
    <lastUpdated value="2020-03-26T13:02:05.569+00:00" />
  </meta>
  <language value="pt-BR" />
  <url value="http://www.saude.gov.br/fhir/r4/StructureDefinition/BRAmostraBiologica-1.0" />
  <version value="1.0" />
  <name value="BRAmostraBiologica" />
  <title value="Amostra Biológica" />
  <status value="active" />
  <date value="2020-03-26T13:02:02.6493634Z" />
  <publisher value="Ministério da Saúde do Brasil" />
  <description value="Amostra de origem humana/animal usada em investigações biológicas/laboratoriais para fins diagnósticos." />
  <fhirVersion value="4.0.0" />
  <kind value="resource" />
  <abstract value="false" />
  <type value="Specimen" />
  <baseDefinition value="http://hl7.org/fhir/StructureDefinition/Specimen" />
  <derivation value="constraint" />
  <differential>
    <element id="Specimen">
      <path value="Specimen" />
      <short value="Amostra Biológica" />
      <definition value="Amostra de origem humana/animal usada em investigações biológicas/laboratoriais para fins diagnósticos." />
      <mustSupport value="true" />
    </element>
    <element id="Specimen.identifier">
      <extension url="http://hl7.org/fhir/StructureDefinition/structuredefinition-standards-status">
        <valueCode value="normative" />
      </extension>
      <extension url="http://hl7.org/fhir/StructureDefinition/structuredefinition-normative-version">
        <valueCode value="4.0.0" />
      </extension>
      <path value="Specimen.identifier" />
      <max value="0" />
    </element>
    <element id="Specimen.identifier.use">
      <extension url="http://hl7.org/fhir/StructureDefinition/structuredefinition-standards-status">
        <valueCode value="normative" />
      </extension>
      <extension url="http://hl7.org/fhir/StructureDefinition/structuredefinition-normative-version">
        <valueCode value="4.0.0" />
      </extension>
      <path value="Specimen.identifier.use" />
      <max value="0" />
    </element>
    <element id="Specimen.accessionIdentifier">
      <extension url="http://hl7.org/fhir/StructureDefinition/structuredefinition-standards-status">
        <valueCode value="normative" />
      </extension>
      <extension url="http://hl7.org/fhir/StructureDefinition/structuredefinition-normative-version">
        <valueCode value="4.0.0" />
      </extension>
      <path value="Specimen.accessionIdentifier" />
      <max value="0" />
    </element>
    <element id="Specimen.status">
      <extension url="http://hl7.org/fhir/StructureDefinition/structuredefinition-standards-status">
        <valueCode value="normative" />
      </extension>
      <extension url="http://hl7.org/fhir/StructureDefinition/structuredefinition-normative-version">
        <valueCode value="4.0.0" />
      </extension>
      <path value="Specimen.status" />
      <max value="0" />
    </element>
    <element id="Specimen.type">
      <extension url="http://hl7.org/fhir/StructureDefinition/structuredefinition-standards-status">
        <valueCode value="normative" />
      </extension>
      <extension url="http://hl7.org/fhir/StructureDefinition/structuredefinition-normative-version">
        <valueCode value="4.0.0" />
      </extension>
      <path value="Specimen.type" />
      <short value="Tipo da Amostra" />
      <definition value="Tipo do material da amostra." />
      <min value="1" />
      <mustSupport value="true" />
      <binding>
        <strength value="required" />
        <description value="Tipo da Amostra" />
        <valueSet value="http://www.saude.gov.br/fhir/r4/ValueSet/BRTipoAmostra-1.0" />
      </binding>
    </element>
    <element id="Specimen.type.coding">
      <extension url="http://hl7.org/fhir/StructureDefinition/structuredefinition-standards-status">
        <valueCode value="normative" />
      </extension>
      <extension url="http://hl7.org/fhir/StructureDefinition/structuredefinition-normative-version">
        <valueCode value="4.0.0" />
      </extension>
      <path value="Specimen.type.coding" />
      <min value="1" />
      <max value="1" />
    </element>
    <element id="Specimen.type.coding.system">
      <extension url="http://hl7.org/fhir/StructureDefinition/structuredefinition-standards-status">
        <valueCode value="normative" />
      </extension>
      <extension url="http://hl7.org/fhir/StructureDefinition/structuredefinition-normative-version">
        <valueCode value="4.0.0" />
      </extension>
      <path value="Specimen.type.coding.system" />
      <min value="1" />
    </element>
    <element id="Specimen.type.coding.code">
      <extension url="http://hl7.org/fhir/StructureDefinition/structuredefinition-standards-status">
        <valueCode value="normative" />
      </extension>
      <extension url="http://hl7.org/fhir/StructureDefinition/structuredefinition-normative-version">
        <valueCode value="4.0.0" />
      </extension>
      <path value="Specimen.type.coding.code" />
      <min value="1" />
    </element>
    <element id="Specimen.type.coding.display">
      <extension url="http://hl7.org/fhir/StructureDefinition/structuredefinition-standards-status">
        <valueCode value="normative" />
      </extension>
      <extension url="http://hl7.org/fhir/StructureDefinition/structuredefinition-normative-version">
        <valueCode value="4.0.0" />
      </extension>
      <extension url="http://hl7.org/fhir/StructureDefinition/elementdefinition-translatable">
        <valueBoolean value="true" />
      </extension>
      <path value="Specimen.type.coding.display" />
      <max value="0" />
    </element>
    <element id="Specimen.type.coding.userSelected">
      <extension url="http://hl7.org/fhir/StructureDefinition/structuredefinition-standards-status">
        <valueCode value="normative" />
      </extension>
      <extension url="http://hl7.org/fhir/StructureDefinition/structuredefinition-normative-version">
        <valueCode value="4.0.0" />
      </extension>
      <path value="Specimen.type.coding.userSelected" />
      <max value="0" />
    </element>
    <element id="Specimen.type.text">
      <extension url="http://hl7.org/fhir/StructureDefinition/structuredefinition-standards-status">
        <valueCode value="normative" />
      </extension>
      <extension url="http://hl7.org/fhir/StructureDefinition/structuredefinition-normative-version">
        <valueCode value="4.0.0" />
      </extension>
      <extension url="http://hl7.org/fhir/StructureDefinition/elementdefinition-translatable">
        <valueBoolean value="true" />
      </extension>
      <path value="Specimen.type.text" />
      <max value="0" />
    </element>
    <element id="Specimen.subject">
      <extension url="http://hl7.org/fhir/StructureDefinition/structuredefinition-standards-status">
        <valueCode value="normative" />
      </extension>
      <extension url="http://hl7.org/fhir/StructureDefinition/structuredefinition-normative-version">
        <valueCode value="4.0.0" />
      </extension>
      <path value="Specimen.subject" />
      <max value="0" />
    </element>
    <element id="Specimen.receivedTime">
      <extension url="http://hl7.org/fhir/StructureDefinition/structuredefinition-standards-status">
        <valueCode value="normative" />
      </extension>
      <extension url="http://hl7.org/fhir/StructureDefinition/structuredefinition-normative-version">
        <valueCode value="4.0.0" />
      </extension>
      <path value="Specimen.receivedTime" />
      <max value="0" />
    </element>
    <element id="Specimen.parent">
      <extension url="http://hl7.org/fhir/StructureDefinition/structuredefinition-standards-status">
        <valueCode value="normative" />
      </extension>
      <extension url="http://hl7.org/fhir/StructureDefinition/structuredefinition-normative-version">
        <valueCode value="4.0.0" />
      </extension>
      <path value="Specimen.parent" />
      <max value="0" />
    </element>
    <element id="Specimen.request">
      <extension url="http://hl7.org/fhir/StructureDefinition/structuredefinition-standards-status">
        <valueCode value="normative" />
      </extension>
      <extension url="http://hl7.org/fhir/StructureDefinition/structuredefinition-normative-version">
        <valueCode value="4.0.0" />
      </extension>
      <path value="Specimen.request" />
      <max value="0" />
    </element>
    <element id="Specimen.collection">
      <extension url="http://hl7.org/fhir/StructureDefinition/structuredefinition-standards-status">
        <valueCode value="normative" />
      </extension>
      <extension url="http://hl7.org/fhir/StructureDefinition/structuredefinition-normative-version">
        <valueCode value="4.0.0" />
      </extension>
      <path value="Specimen.collection" />
      <max value="0" />
    </element>
    <element id="Specimen.processing">
      <extension url="http://hl7.org/fhir/StructureDefinition/structuredefinition-standards-status">
        <valueCode value="normative" />
      </extension>
      <extension url="http://hl7.org/fhir/StructureDefinition/structuredefinition-normative-version">
        <valueCode value="4.0.0" />
      </extension>
      <path value="Specimen.processing" />
      <max value="0" />
    </element>
    <element id="Specimen.container">
      <extension url="http://hl7.org/fhir/StructureDefinition/structuredefinition-standards-status">
        <valueCode value="normative" />
      </extension>
      <extension url="http://hl7.org/fhir/StructureDefinition/structuredefinition-normative-version">
        <valueCode value="4.0.0" />
      </extension>
      <path value="Specimen.container" />
      <max value="0" />
    </element>
    <element id="Specimen.condition">
      <extension url="http://hl7.org/fhir/StructureDefinition/structuredefinition-standards-status">
        <valueCode value="normative" />
      </extension>
      <extension url="http://hl7.org/fhir/StructureDefinition/structuredefinition-normative-version">
        <valueCode value="4.0.0" />
      </extension>
      <path value="Specimen.condition" />
      <max value="0" />
    </element>
    <element id="Specimen.note">
      <extension url="http://hl7.org/fhir/StructureDefinition/structuredefinition-standards-status">
        <valueCode value="normative" />
      </extension>
      <extension url="http://hl7.org/fhir/StructureDefinition/structuredefinition-normative-version">
        <valueCode value="4.0.0" />
      </extension>
      <path value="Specimen.note" />
      <max value="0" />
    </element>
  </differential>
</StructureDefinition>