<?xml version="1.0" encoding="utf-8"?>
<StructureDefinition xmlns="http://hl7.org/fhir">
  <id value="10adbc3a-b1e9-4620-8c02-6f530e2caae0" />
  <meta>
    <versionId value="3" />
    <lastUpdated value="2020-03-26T13:31:21.454+00:00" />
  </meta>
  <language value="pt-BR" />
  <url value="http://www.saude.gov.br/fhir/r4/StructureDefinition/BRDiagnosticoLaboratorioClinico-1.0" />
  <version value="1.0" />
  <name value="BRDiagnosticoLaboratorioClinico" />
  <title value="Diagnóstico em Laboratório Clínico" />
  <status value="active" />
  <date value="2020-03-26T13:31:19.7784679Z" />
  <publisher value="Ministério da Saúde do Brasil" />
  <description value="Exame ou teste realizado em laboratório com finalidade diagnóstica ou investigativa." />
  <fhirVersion value="4.0.0" />
  <kind value="resource" />
  <abstract value="false" />
  <type value="Observation" />
  <baseDefinition value="http://hl7.org/fhir/StructureDefinition/Observation" />
  <derivation value="constraint" />
  <differential>
    <element id="Observation">
      <path value="Observation" />
      <definition value="Exame ou teste realizado em laboratório com finalidade diagnóstica ou investigativa." />
      <mustSupport value="true" />
    </element>
    <element id="Observation.identifier">
      <extension url="http://hl7.org/fhir/StructureDefinition/structuredefinition-standards-status">
        <valueCode value="normative" />
      </extension>
      <extension url="http://hl7.org/fhir/StructureDefinition/structuredefinition-normative-version">
        <valueCode value="4.0.0" />
      </extension>
      <path value="Observation.identifier" />
      <max value="0" />
    </element>
    <element id="Observation.basedOn">
      <extension url="http://hl7.org/fhir/StructureDefinition/structuredefinition-standards-status">
        <valueCode value="normative" />
      </extension>
      <extension url="http://hl7.org/fhir/StructureDefinition/structuredefinition-normative-version">
        <valueCode value="4.0.0" />
      </extension>
      <path value="Observation.basedOn" />
      <max value="0" />
    </element>
    <element id="Observation.partOf">
      <extension url="http://hl7.org/fhir/StructureDefinition/structuredefinition-standards-status">
        <valueCode value="normative" />
      </extension>
      <extension url="http://hl7.org/fhir/StructureDefinition/structuredefinition-normative-version">
        <valueCode value="4.0.0" />
      </extension>
      <path value="Observation.partOf" />
      <max value="0" />
    </element>
    <element id="Observation.status">
      <extension url="http://hl7.org/fhir/StructureDefinition/structuredefinition-standards-status">
        <valueCode value="normative" />
      </extension>
      <extension url="http://hl7.org/fhir/StructureDefinition/structuredefinition-normative-version">
        <valueCode value="4.0.0" />
      </extension>
      <extension url="http://hl7.org/fhir/StructureDefinition/structuredefinition-display-hint">
        <valueString value="default: final" />
      </extension>
      <path value="Observation.status" />
      <short value="Estado da Observação" />
      <definition value="O estado do valor do resultado." />
      <binding>
        <extension url="http://hl7.org/fhir/StructureDefinition/elementdefinition-bindingName">
          <valueString value="ObservationStatus" />
        </extension>
        <strength value="required" />
        <description value="Estado da Observação" />
        <valueSet value="http://www.saude.gov.br/fhir/r4/ValueSet/BREstadoObservacao-1.0" />
      </binding>
    </element>
    <element id="Observation.category">
      <extension url="http://hl7.org/fhir/StructureDefinition/structuredefinition-standards-status">
        <valueCode value="normative" />
      </extension>
      <extension url="http://hl7.org/fhir/StructureDefinition/structuredefinition-normative-version">
        <valueCode value="4.0.0" />
      </extension>
      <path value="Observation.category" />
      <short value="Categoria do Exame" />
      <definition value="Categoriza o exame ou teste utilizando os subgrupos do grupo 02 - Procedimentos com finalidade diagnóstica da Tabela SUS." />
      <min value="1" />
      <max value="1" />
      <mustSupport value="true" />
      <binding>
        <extension url="http://hl7.org/fhir/StructureDefinition/elementdefinition-bindingName">
          <valueString value="ObservationCategory" />
        </extension>
        <strength value="required" />
        <description value="Categoria do Exame" />
        <valueSet value="http://www.saude.gov.br/fhir/r4/ValueSet/BRCategoriaExame-1.0" />
      </binding>
    </element>
    <element id="Observation.category.coding">
      <extension url="http://hl7.org/fhir/StructureDefinition/structuredefinition-standards-status">
        <valueCode value="normative" />
      </extension>
      <extension url="http://hl7.org/fhir/StructureDefinition/structuredefinition-normative-version">
        <valueCode value="4.0.0" />
      </extension>
      <path value="Observation.category.coding" />
      <min value="1" />
      <max value="1" />
    </element>
    <element id="Observation.category.coding.system">
      <extension url="http://hl7.org/fhir/StructureDefinition/structuredefinition-standards-status">
        <valueCode value="normative" />
      </extension>
      <extension url="http://hl7.org/fhir/StructureDefinition/structuredefinition-normative-version">
        <valueCode value="4.0.0" />
      </extension>
      <path value="Observation.category.coding.system" />
      <min value="1" />
    </element>
    <element id="Observation.category.coding.code">
      <extension url="http://hl7.org/fhir/StructureDefinition/structuredefinition-standards-status">
        <valueCode value="normative" />
      </extension>
      <extension url="http://hl7.org/fhir/StructureDefinition/structuredefinition-normative-version">
        <valueCode value="4.0.0" />
      </extension>
      <path value="Observation.category.coding.code" />
      <min value="1" />
    </element>
    <element id="Observation.category.coding.display">
      <extension url="http://hl7.org/fhir/StructureDefinition/structuredefinition-standards-status">
        <valueCode value="normative" />
      </extension>
      <extension url="http://hl7.org/fhir/StructureDefinition/structuredefinition-normative-version">
        <valueCode value="4.0.0" />
      </extension>
      <extension url="http://hl7.org/fhir/StructureDefinition/elementdefinition-translatable">
        <valueBoolean value="true" />
      </extension>
      <path value="Observation.category.coding.display" />
      <max value="0" />
    </element>
    <element id="Observation.category.coding.userSelected">
      <extension url="http://hl7.org/fhir/StructureDefinition/structuredefinition-standards-status">
        <valueCode value="normative" />
      </extension>
      <extension url="http://hl7.org/fhir/StructureDefinition/structuredefinition-normative-version">
        <valueCode value="4.0.0" />
      </extension>
      <path value="Observation.category.coding.userSelected" />
      <max value="0" />
    </element>
    <element id="Observation.category.text">
      <extension url="http://hl7.org/fhir/StructureDefinition/structuredefinition-standards-status">
        <valueCode value="normative" />
      </extension>
      <extension url="http://hl7.org/fhir/StructureDefinition/structuredefinition-normative-version">
        <valueCode value="4.0.0" />
      </extension>
      <extension url="http://hl7.org/fhir/StructureDefinition/elementdefinition-translatable">
        <valueBoolean value="true" />
      </extension>
      <path value="Observation.category.text" />
      <max value="0" />
    </element>
    <element id="Observation.code">
      <extension url="http://hl7.org/fhir/StructureDefinition/structuredefinition-standards-status">
        <valueCode value="normative" />
      </extension>
      <extension url="http://hl7.org/fhir/StructureDefinition/structuredefinition-normative-version">
        <valueCode value="4.0.0" />
      </extension>
      <path value="Observation.code" />
      <short value="Nome do Exame" />
      <definition value="Classifica o exame laboratorial realizado." />
      <mustSupport value="true" />
      <binding>
        <extension url="http://hl7.org/fhir/StructureDefinition/elementdefinition-bindingName">
          <valueString value="ObservationCode" />
        </extension>
        <strength value="required" />
        <description value="Nome do Exame" />
        <valueSet value="http://www.saude.gov.br/fhir/r4/ValueSet/BRNomeExame-1.0" />
      </binding>
    </element>
    <element id="Observation.code.coding">
      <extension url="http://hl7.org/fhir/StructureDefinition/structuredefinition-standards-status">
        <valueCode value="normative" />
      </extension>
      <extension url="http://hl7.org/fhir/StructureDefinition/structuredefinition-normative-version">
        <valueCode value="4.0.0" />
      </extension>
      <path value="Observation.code.coding" />
      <min value="1" />
      <max value="1" />
    </element>
    <element id="Observation.code.coding.system">
      <extension url="http://hl7.org/fhir/StructureDefinition/structuredefinition-standards-status">
        <valueCode value="normative" />
      </extension>
      <extension url="http://hl7.org/fhir/StructureDefinition/structuredefinition-normative-version">
        <valueCode value="4.0.0" />
      </extension>
      <path value="Observation.code.coding.system" />
      <min value="1" />
    </element>
    <element id="Observation.code.coding.code">
      <extension url="http://hl7.org/fhir/StructureDefinition/structuredefinition-standards-status">
        <valueCode value="normative" />
      </extension>
      <extension url="http://hl7.org/fhir/StructureDefinition/structuredefinition-normative-version">
        <valueCode value="4.0.0" />
      </extension>
      <path value="Observation.code.coding.code" />
      <min value="1" />
    </element>
    <element id="Observation.code.coding.display">
      <extension url="http://hl7.org/fhir/StructureDefinition/structuredefinition-standards-status">
        <valueCode value="normative" />
      </extension>
      <extension url="http://hl7.org/fhir/StructureDefinition/structuredefinition-normative-version">
        <valueCode value="4.0.0" />
      </extension>
      <extension url="http://hl7.org/fhir/StructureDefinition/elementdefinition-translatable">
        <valueBoolean value="true" />
      </extension>
      <path value="Observation.code.coding.display" />
      <max value="0" />
    </element>
    <element id="Observation.code.coding.userSelected">
      <extension url="http://hl7.org/fhir/StructureDefinition/structuredefinition-standards-status">
        <valueCode value="normative" />
      </extension>
      <extension url="http://hl7.org/fhir/StructureDefinition/structuredefinition-normative-version">
        <valueCode value="4.0.0" />
      </extension>
      <path value="Observation.code.coding.userSelected" />
      <max value="0" />
    </element>
    <element id="Observation.code.text">
      <extension url="http://hl7.org/fhir/StructureDefinition/structuredefinition-standards-status">
        <valueCode value="normative" />
      </extension>
      <extension url="http://hl7.org/fhir/StructureDefinition/structuredefinition-normative-version">
        <valueCode value="4.0.0" />
      </extension>
      <extension url="http://hl7.org/fhir/StructureDefinition/elementdefinition-translatable">
        <valueBoolean value="true" />
      </extension>
      <path value="Observation.code.text" />
      <max value="0" />
    </element>
    <element id="Observation.subject">
      <extension url="http://hl7.org/fhir/StructureDefinition/structuredefinition-standards-status">
        <valueCode value="normative" />
      </extension>
      <extension url="http://hl7.org/fhir/StructureDefinition/structuredefinition-normative-version">
        <valueCode value="4.0.0" />
      </extension>
      <path value="Observation.subject" />
      <min value="1" />
      <type>
        <code value="Reference" />
        <targetProfile value="http://www.saude.gov.br/fhir/r4/StructureDefinition/BRIndividuo-1.0" />
      </type>
      <mustSupport value="true" />
    </element>
    <element id="Observation.subject.type">
      <extension url="http://hl7.org/fhir/StructureDefinition/structuredefinition-standards-status">
        <valueCode value="normative" />
      </extension>
      <extension url="http://hl7.org/fhir/StructureDefinition/structuredefinition-normative-version">
        <valueCode value="4.0.0" />
      </extension>
      <path value="Observation.subject.type" />
      <fixedUri value="Patient" />
    </element>
    <element id="Observation.subject.identifier.use">
      <extension url="http://hl7.org/fhir/StructureDefinition/structuredefinition-standards-status">
        <valueCode value="normative" />
      </extension>
      <extension url="http://hl7.org/fhir/StructureDefinition/structuredefinition-normative-version">
        <valueCode value="4.0.0" />
      </extension>
      <path value="Observation.subject.identifier.use" />
      <max value="0" />
    </element>
    <element id="Observation.subject.identifier.type">
      <extension url="http://hl7.org/fhir/StructureDefinition/structuredefinition-standards-status">
        <valueCode value="normative" />
      </extension>
      <extension url="http://hl7.org/fhir/StructureDefinition/structuredefinition-normative-version">
        <valueCode value="4.0.0" />
      </extension>
      <path value="Observation.subject.identifier.type" />
      <max value="0" />
    </element>
    <element id="Observation.subject.identifier.system">
      <extension url="http://hl7.org/fhir/StructureDefinition/structuredefinition-standards-status">
        <valueCode value="normative" />
      </extension>
      <extension url="http://hl7.org/fhir/StructureDefinition/structuredefinition-normative-version">
        <valueCode value="4.0.0" />
      </extension>
      <path value="Observation.subject.identifier.system" />
      <min value="1" />
    </element>
    <element id="Observation.subject.identifier.value">
      <extension url="http://hl7.org/fhir/StructureDefinition/structuredefinition-standards-status">
        <valueCode value="normative" />
      </extension>
      <extension url="http://hl7.org/fhir/StructureDefinition/structuredefinition-normative-version">
        <valueCode value="4.0.0" />
      </extension>
      <path value="Observation.subject.identifier.value" />
      <min value="1" />
    </element>
    <element id="Observation.subject.identifier.period">
      <extension url="http://hl7.org/fhir/StructureDefinition/structuredefinition-standards-status">
        <valueCode value="normative" />
      </extension>
      <extension url="http://hl7.org/fhir/StructureDefinition/structuredefinition-normative-version">
        <valueCode value="4.0.0" />
      </extension>
      <path value="Observation.subject.identifier.period" />
      <max value="0" />
    </element>
    <element id="Observation.subject.identifier.assigner">
      <extension url="http://hl7.org/fhir/StructureDefinition/structuredefinition-standards-status">
        <valueCode value="normative" />
      </extension>
      <extension url="http://hl7.org/fhir/StructureDefinition/structuredefinition-normative-version">
        <valueCode value="4.0.0" />
      </extension>
      <path value="Observation.subject.identifier.assigner" />
      <max value="0" />
    </element>
    <element id="Observation.subject.display">
      <extension url="http://hl7.org/fhir/StructureDefinition/structuredefinition-standards-status">
        <valueCode value="normative" />
      </extension>
      <extension url="http://hl7.org/fhir/StructureDefinition/structuredefinition-normative-version">
        <valueCode value="4.0.0" />
      </extension>
      <extension url="http://hl7.org/fhir/StructureDefinition/elementdefinition-translatable">
        <valueBoolean value="true" />
      </extension>
      <path value="Observation.subject.display" />
      <max value="0" />
    </element>
    <element id="Observation.focus">
      <extension url="http://hl7.org/fhir/StructureDefinition/structuredefinition-standards-status">
        <valueCode value="trial-use" />
      </extension>
      <extension url="http://hl7.org/fhir/StructureDefinition/structuredefinition-normative-version">
        <valueCode value="4.0.0" />
      </extension>
      <path value="Observation.focus" />
      <max value="0" />
    </element>
    <element id="Observation.encounter">
      <extension url="http://hl7.org/fhir/StructureDefinition/structuredefinition-standards-status">
        <valueCode value="normative" />
      </extension>
      <extension url="http://hl7.org/fhir/StructureDefinition/structuredefinition-normative-version">
        <valueCode value="4.0.0" />
      </extension>
      <path value="Observation.encounter" />
      <max value="0" />
    </element>
    <element id="Observation.effective[x]">
      <extension url="http://hl7.org/fhir/StructureDefinition/structuredefinition-standards-status">
        <valueCode value="normative" />
      </extension>
      <extension url="http://hl7.org/fhir/StructureDefinition/structuredefinition-normative-version">
        <valueCode value="4.0.0" />
      </extension>
      <path value="Observation.effective[x]" />
      <max value="0" />
    </element>
    <element id="Observation.issued">
      <extension url="http://hl7.org/fhir/StructureDefinition/structuredefinition-standards-status">
        <valueCode value="normative" />
      </extension>
      <extension url="http://hl7.org/fhir/StructureDefinition/structuredefinition-normative-version">
        <valueCode value="4.0.0" />
      </extension>
      <path value="Observation.issued" />
      <short value="Data/Hora do Resultado" />
      <definition value="Data ou data e hora que o resultado foi liberado." />
      <min value="1" />
    </element>
    <element id="Observation.performer">
      <extension url="http://hl7.org/fhir/StructureDefinition/structuredefinition-standards-status">
        <valueCode value="normative" />
      </extension>
      <extension url="http://hl7.org/fhir/StructureDefinition/structuredefinition-normative-version">
        <valueCode value="4.0.0" />
      </extension>
      <path value="Observation.performer" />
      <slicing>
        <discriminator>
          <type value="value" />
          <path value="identifier.system" />
        </discriminator>
        <rules value="open" />
      </slicing>
      <short value="Responsável pelo Resultado do Exame" />
      <definition value="Profissional e/ou Estabelecimento de Saúde responsável pelo resultado do exame." />
      <min value="1" />
      <max value="1" />
      <mustSupport value="true" />
    </element>
    <element id="Observation.performer:estabelecimentoSaude">
      <extension url="http://hl7.org/fhir/StructureDefinition/structuredefinition-standards-status">
        <valueCode value="normative" />
      </extension>
      <extension url="http://hl7.org/fhir/StructureDefinition/structuredefinition-normative-version">
        <valueCode value="4.0.0" />
      </extension>
      <path value="Observation.performer" />
      <sliceName value="estabelecimentoSaude" />
      <max value="1" />
      <mustSupport value="true" />
    </element>
    <element id="Observation.performer:estabelecimentoSaude.id">
      <path value="Observation.performer.id" />
      <max value="0" />
    </element>
    <element id="Observation.performer:estabelecimentoSaude.reference">
      <extension url="http://hl7.org/fhir/StructureDefinition/structuredefinition-standards-status">
        <valueCode value="normative" />
      </extension>
      <extension url="http://hl7.org/fhir/StructureDefinition/structuredefinition-normative-version">
        <valueCode value="4.0.0" />
      </extension>
      <path value="Observation.performer.reference" />
      <max value="0" />
    </element>
    <element id="Observation.performer:estabelecimentoSaude.type">
      <extension url="http://hl7.org/fhir/StructureDefinition/structuredefinition-standards-status">
        <valueCode value="normative" />
      </extension>
      <extension url="http://hl7.org/fhir/StructureDefinition/structuredefinition-normative-version">
        <valueCode value="4.0.0" />
      </extension>
      <path value="Observation.performer.type" />
      <max value="0" />
    </element>
    <element id="Observation.performer:estabelecimentoSaude.identifier">
      <extension url="http://hl7.org/fhir/StructureDefinition/structuredefinition-standards-status">
        <valueCode value="normative" />
      </extension>
      <extension url="http://hl7.org/fhir/StructureDefinition/structuredefinition-normative-version">
        <valueCode value="4.0.0" />
      </extension>
      <path value="Observation.performer.identifier" />
      <min value="1" />
    </element>
    <element id="Observation.performer:estabelecimentoSaude.identifier.id">
      <path value="Observation.performer.identifier.id" />
      <max value="0" />
    </element>
    <element id="Observation.performer:estabelecimentoSaude.identifier.use">
      <extension url="http://hl7.org/fhir/StructureDefinition/structuredefinition-standards-status">
        <valueCode value="normative" />
      </extension>
      <extension url="http://hl7.org/fhir/StructureDefinition/structuredefinition-normative-version">
        <valueCode value="4.0.0" />
      </extension>
      <path value="Observation.performer.identifier.use" />
      <max value="0" />
    </element>
    <element id="Observation.performer:estabelecimentoSaude.identifier.type">
      <extension url="http://hl7.org/fhir/StructureDefinition/structuredefinition-standards-status">
        <valueCode value="normative" />
      </extension>
      <extension url="http://hl7.org/fhir/StructureDefinition/structuredefinition-normative-version">
        <valueCode value="4.0.0" />
      </extension>
      <path value="Observation.performer.identifier.type" />
      <max value="0" />
    </element>
    <element id="Observation.performer:estabelecimentoSaude.identifier.system">
      <extension url="http://hl7.org/fhir/StructureDefinition/structuredefinition-standards-status">
        <valueCode value="normative" />
      </extension>
      <extension url="http://hl7.org/fhir/StructureDefinition/structuredefinition-normative-version">
        <valueCode value="4.0.0" />
      </extension>
      <path value="Observation.performer.identifier.system" />
      <min value="1" />
      <fixedUri value="http://www.saude.gov.br/fhir/r4/StructureDefinition/BREstabelecimentoSaude-1.0" />
    </element>
    <element id="Observation.performer:estabelecimentoSaude.identifier.value">
      <extension url="http://hl7.org/fhir/StructureDefinition/structuredefinition-standards-status">
        <valueCode value="normative" />
      </extension>
      <extension url="http://hl7.org/fhir/StructureDefinition/structuredefinition-normative-version">
        <valueCode value="4.0.0" />
      </extension>
      <path value="Observation.performer.identifier.value" />
      <min value="1" />
    </element>
    <element id="Observation.performer:estabelecimentoSaude.identifier.period">
      <extension url="http://hl7.org/fhir/StructureDefinition/structuredefinition-standards-status">
        <valueCode value="normative" />
      </extension>
      <extension url="http://hl7.org/fhir/StructureDefinition/structuredefinition-normative-version">
        <valueCode value="4.0.0" />
      </extension>
      <path value="Observation.performer.identifier.period" />
      <max value="0" />
    </element>
    <element id="Observation.performer:estabelecimentoSaude.identifier.assigner">
      <extension url="http://hl7.org/fhir/StructureDefinition/structuredefinition-standards-status">
        <valueCode value="normative" />
      </extension>
      <extension url="http://hl7.org/fhir/StructureDefinition/structuredefinition-normative-version">
        <valueCode value="4.0.0" />
      </extension>
      <path value="Observation.performer.identifier.assigner" />
      <max value="0" />
    </element>
    <element id="Observation.performer:estabelecimentoSaude.display">
      <extension url="http://hl7.org/fhir/StructureDefinition/structuredefinition-standards-status">
        <valueCode value="normative" />
      </extension>
      <extension url="http://hl7.org/fhir/StructureDefinition/structuredefinition-normative-version">
        <valueCode value="4.0.0" />
      </extension>
      <extension url="http://hl7.org/fhir/StructureDefinition/elementdefinition-translatable">
        <valueBoolean value="true" />
      </extension>
      <path value="Observation.performer.display" />
      <max value="0" />
    </element>
    <element id="Observation.performer:pessoaJuridicaProfissionalLiberal">
      <extension url="http://hl7.org/fhir/StructureDefinition/structuredefinition-standards-status">
        <valueCode value="normative" />
      </extension>
      <extension url="http://hl7.org/fhir/StructureDefinition/structuredefinition-normative-version">
        <valueCode value="4.0.0" />
      </extension>
      <path value="Observation.performer" />
      <sliceName value="pessoaJuridicaProfissionalLiberal" />
      <max value="1" />
      <mustSupport value="true" />
    </element>
    <element id="Observation.performer:pessoaJuridicaProfissionalLiberal.id">
      <path value="Observation.performer.id" />
      <max value="0" />
    </element>
    <element id="Observation.performer:pessoaJuridicaProfissionalLiberal.reference">
      <extension url="http://hl7.org/fhir/StructureDefinition/structuredefinition-standards-status">
        <valueCode value="normative" />
      </extension>
      <extension url="http://hl7.org/fhir/StructureDefinition/structuredefinition-normative-version">
        <valueCode value="4.0.0" />
      </extension>
      <path value="Observation.performer.reference" />
      <max value="0" />
    </element>
    <element id="Observation.performer:pessoaJuridicaProfissionalLiberal.type">
      <extension url="http://hl7.org/fhir/StructureDefinition/structuredefinition-standards-status">
        <valueCode value="normative" />
      </extension>
      <extension url="http://hl7.org/fhir/StructureDefinition/structuredefinition-normative-version">
        <valueCode value="4.0.0" />
      </extension>
      <path value="Observation.performer.type" />
      <max value="0" />
    </element>
    <element id="Observation.performer:pessoaJuridicaProfissionalLiberal.identifier">
      <extension url="http://hl7.org/fhir/StructureDefinition/structuredefinition-standards-status">
        <valueCode value="normative" />
      </extension>
      <extension url="http://hl7.org/fhir/StructureDefinition/structuredefinition-normative-version">
        <valueCode value="4.0.0" />
      </extension>
      <path value="Observation.performer.identifier" />
      <min value="1" />
    </element>
    <element id="Observation.performer:pessoaJuridicaProfissionalLiberal.identifier.id">
      <path value="Observation.performer.identifier.id" />
      <max value="0" />
    </element>
    <element id="Observation.performer:pessoaJuridicaProfissionalLiberal.identifier.use">
      <extension url="http://hl7.org/fhir/StructureDefinition/structuredefinition-standards-status">
        <valueCode value="normative" />
      </extension>
      <extension url="http://hl7.org/fhir/StructureDefinition/structuredefinition-normative-version">
        <valueCode value="4.0.0" />
      </extension>
      <path value="Observation.performer.identifier.use" />
      <max value="0" />
    </element>
    <element id="Observation.performer:pessoaJuridicaProfissionalLiberal.identifier.type">
      <extension url="http://hl7.org/fhir/StructureDefinition/structuredefinition-standards-status">
        <valueCode value="normative" />
      </extension>
      <extension url="http://hl7.org/fhir/StructureDefinition/structuredefinition-normative-version">
        <valueCode value="4.0.0" />
      </extension>
      <path value="Observation.performer.identifier.type" />
      <max value="0" />
    </element>
    <element id="Observation.performer:pessoaJuridicaProfissionalLiberal.identifier.system">
      <extension url="http://hl7.org/fhir/StructureDefinition/structuredefinition-standards-status">
        <valueCode value="normative" />
      </extension>
      <extension url="http://hl7.org/fhir/StructureDefinition/structuredefinition-normative-version">
        <valueCode value="4.0.0" />
      </extension>
      <path value="Observation.performer.identifier.system" />
      <min value="1" />
      <fixedUri value="http://www.saude.gov.br/fhir/r4/StructureDefinition/BRPessoaJuridicaProfissionalLiberal-1.0" />
    </element>
    <element id="Observation.performer:pessoaJuridicaProfissionalLiberal.identifier.value">
      <extension url="http://hl7.org/fhir/StructureDefinition/structuredefinition-standards-status">
        <valueCode value="normative" />
      </extension>
      <extension url="http://hl7.org/fhir/StructureDefinition/structuredefinition-normative-version">
        <valueCode value="4.0.0" />
      </extension>
      <path value="Observation.performer.identifier.value" />
      <min value="1" />
    </element>
    <element id="Observation.performer:pessoaJuridicaProfissionalLiberal.identifier.period">
      <extension url="http://hl7.org/fhir/StructureDefinition/structuredefinition-standards-status">
        <valueCode value="normative" />
      </extension>
      <extension url="http://hl7.org/fhir/StructureDefinition/structuredefinition-normative-version">
        <valueCode value="4.0.0" />
      </extension>
      <path value="Observation.performer.identifier.period" />
      <max value="0" />
    </element>
    <element id="Observation.performer:pessoaJuridicaProfissionalLiberal.identifier.assigner">
      <extension url="http://hl7.org/fhir/StructureDefinition/structuredefinition-standards-status">
        <valueCode value="normative" />
      </extension>
      <extension url="http://hl7.org/fhir/StructureDefinition/structuredefinition-normative-version">
        <valueCode value="4.0.0" />
      </extension>
      <path value="Observation.performer.identifier.assigner" />
      <max value="0" />
    </element>
    <element id="Observation.performer:pessoaJuridicaProfissionalLiberal.display">
      <extension url="http://hl7.org/fhir/StructureDefinition/structuredefinition-standards-status">
        <valueCode value="normative" />
      </extension>
      <extension url="http://hl7.org/fhir/StructureDefinition/structuredefinition-normative-version">
        <valueCode value="4.0.0" />
      </extension>
      <extension url="http://hl7.org/fhir/StructureDefinition/elementdefinition-translatable">
        <valueBoolean value="true" />
      </extension>
      <path value="Observation.performer.display" />
      <max value="0" />
    </element>
    <element id="Observation.performer:lotacaoProfissional">
      <extension url="http://hl7.org/fhir/StructureDefinition/structuredefinition-standards-status">
        <valueCode value="normative" />
      </extension>
      <extension url="http://hl7.org/fhir/StructureDefinition/structuredefinition-normative-version">
        <valueCode value="4.0.0" />
      </extension>
      <path value="Observation.performer" />
      <sliceName value="lotacaoProfissional" />
      <max value="1" />
      <mustSupport value="true" />
    </element>
    <element id="Observation.performer:lotacaoProfissional.id">
      <path value="Observation.performer.id" />
      <max value="0" />
    </element>
    <element id="Observation.performer:lotacaoProfissional.reference">
      <extension url="http://hl7.org/fhir/StructureDefinition/structuredefinition-standards-status">
        <valueCode value="normative" />
      </extension>
      <extension url="http://hl7.org/fhir/StructureDefinition/structuredefinition-normative-version">
        <valueCode value="4.0.0" />
      </extension>
      <path value="Observation.performer.reference" />
      <max value="0" />
    </element>
    <element id="Observation.performer:lotacaoProfissional.type">
      <extension url="http://hl7.org/fhir/StructureDefinition/structuredefinition-standards-status">
        <valueCode value="normative" />
      </extension>
      <extension url="http://hl7.org/fhir/StructureDefinition/structuredefinition-normative-version">
        <valueCode value="4.0.0" />
      </extension>
      <path value="Observation.performer.type" />
      <max value="0" />
    </element>
    <element id="Observation.performer:lotacaoProfissional.identifier">
      <extension url="http://hl7.org/fhir/StructureDefinition/structuredefinition-standards-status">
        <valueCode value="normative" />
      </extension>
      <extension url="http://hl7.org/fhir/StructureDefinition/structuredefinition-normative-version">
        <valueCode value="4.0.0" />
      </extension>
      <path value="Observation.performer.identifier" />
      <min value="1" />
    </element>
    <element id="Observation.performer:lotacaoProfissional.identifier.id">
      <path value="Observation.performer.identifier.id" />
      <max value="0" />
    </element>
    <element id="Observation.performer:lotacaoProfissional.identifier.use">
      <extension url="http://hl7.org/fhir/StructureDefinition/structuredefinition-standards-status">
        <valueCode value="normative" />
      </extension>
      <extension url="http://hl7.org/fhir/StructureDefinition/structuredefinition-normative-version">
        <valueCode value="4.0.0" />
      </extension>
      <path value="Observation.performer.identifier.use" />
      <max value="0" />
    </element>
    <element id="Observation.performer:lotacaoProfissional.identifier.type">
      <extension url="http://hl7.org/fhir/StructureDefinition/structuredefinition-standards-status">
        <valueCode value="normative" />
      </extension>
      <extension url="http://hl7.org/fhir/StructureDefinition/structuredefinition-normative-version">
        <valueCode value="4.0.0" />
      </extension>
      <path value="Observation.performer.identifier.type" />
      <max value="0" />
    </element>
    <element id="Observation.performer:lotacaoProfissional.identifier.system">
      <extension url="http://hl7.org/fhir/StructureDefinition/structuredefinition-standards-status">
        <valueCode value="normative" />
      </extension>
      <extension url="http://hl7.org/fhir/StructureDefinition/structuredefinition-normative-version">
        <valueCode value="4.0.0" />
      </extension>
      <path value="Observation.performer.identifier.system" />
      <min value="1" />
      <fixedUri value="http://www.saude.gov.br/fhir/r4/StructureDefinition/BRLotacaoProfissional-1.0" />
    </element>
    <element id="Observation.performer:lotacaoProfissional.identifier.value">
      <extension url="http://hl7.org/fhir/StructureDefinition/structuredefinition-standards-status">
        <valueCode value="normative" />
      </extension>
      <extension url="http://hl7.org/fhir/StructureDefinition/structuredefinition-normative-version">
        <valueCode value="4.0.0" />
      </extension>
      <path value="Observation.performer.identifier.value" />
      <min value="1" />
    </element>
    <element id="Observation.performer:lotacaoProfissional.identifier.period">
      <extension url="http://hl7.org/fhir/StructureDefinition/structuredefinition-standards-status">
        <valueCode value="normative" />
      </extension>
      <extension url="http://hl7.org/fhir/StructureDefinition/structuredefinition-normative-version">
        <valueCode value="4.0.0" />
      </extension>
      <path value="Observation.performer.identifier.period" />
      <max value="0" />
    </element>
    <element id="Observation.performer:lotacaoProfissional.identifier.assigner">
      <extension url="http://hl7.org/fhir/StructureDefinition/structuredefinition-standards-status">
        <valueCode value="normative" />
      </extension>
      <extension url="http://hl7.org/fhir/StructureDefinition/structuredefinition-normative-version">
        <valueCode value="4.0.0" />
      </extension>
      <path value="Observation.performer.identifier.assigner" />
      <max value="0" />
    </element>
    <element id="Observation.performer:lotacaoProfissional.display">
      <extension url="http://hl7.org/fhir/StructureDefinition/structuredefinition-standards-status">
        <valueCode value="normative" />
      </extension>
      <extension url="http://hl7.org/fhir/StructureDefinition/structuredefinition-normative-version">
        <valueCode value="4.0.0" />
      </extension>
      <extension url="http://hl7.org/fhir/StructureDefinition/elementdefinition-translatable">
        <valueBoolean value="true" />
      </extension>
      <path value="Observation.performer.display" />
      <max value="0" />
    </element>
    <element id="Observation.value[x]">
      <extension url="http://hl7.org/fhir/StructureDefinition/structuredefinition-standards-status">
        <valueCode value="normative" />
      </extension>
      <extension url="http://hl7.org/fhir/StructureDefinition/structuredefinition-normative-version">
        <valueCode value="4.0.0" />
      </extension>
      <path value="Observation.value[x]" />
      <short value="Valor do Resultado" />
      <definition value="Pode ser um valor quantitativo, utilizando o elemento Quantity, ou um valor qualitativo, utilizando Codeable Concept.E usar" />
      <min value="1" />
      <type>
        <code value="Quantity" />
      </type>
      <type>
        <code value="CodeableConcept" />
      </type>
      <mustSupport value="true" />
      <binding>
        <strength value="required" />
        <description value="Resultado Qualitativo do Exame" />
        <valueSet value="http://www.saude.gov.br/fhir/r4/ValueSet/BRResultadoQualitativoExame-1.0" />
      </binding>
    </element>
    <element id="Observation.dataAbsentReason">
      <extension url="http://hl7.org/fhir/StructureDefinition/structuredefinition-standards-status">
        <valueCode value="normative" />
      </extension>
      <extension url="http://hl7.org/fhir/StructureDefinition/structuredefinition-normative-version">
        <valueCode value="4.0.0" />
      </extension>
      <path value="Observation.dataAbsentReason" />
      <max value="0" />
    </element>
    <element id="Observation.interpretation">
      <extension url="http://hl7.org/fhir/StructureDefinition/structuredefinition-standards-status">
        <valueCode value="normative" />
      </extension>
      <extension url="http://hl7.org/fhir/StructureDefinition/structuredefinition-normative-version">
        <valueCode value="4.0.0" />
      </extension>
      <path value="Observation.interpretation" />
      <short value="Interpretação Qualitativa" />
      <definition value="Interpretação qualitativa de um resultado quantitativo." />
      <max value="1" />
      <mustSupport value="true" />
      <binding>
        <extension url="http://hl7.org/fhir/StructureDefinition/elementdefinition-bindingName">
          <valueString value="ObservationInterpretation" />
        </extension>
        <strength value="required" />
        <description value="Interperetação Qualitativa do Exame" />
        <valueSet value="http://www.saude.gov.br/fhir/r4/ValueSet/BRResultadoQualitativoExame-1.0" />
      </binding>
    </element>
    <element id="Observation.interpretation.coding">
      <extension url="http://hl7.org/fhir/StructureDefinition/structuredefinition-standards-status">
        <valueCode value="normative" />
      </extension>
      <extension url="http://hl7.org/fhir/StructureDefinition/structuredefinition-normative-version">
        <valueCode value="4.0.0" />
      </extension>
      <path value="Observation.interpretation.coding" />
      <min value="1" />
      <max value="1" />
    </element>
    <element id="Observation.interpretation.coding.system">
      <extension url="http://hl7.org/fhir/StructureDefinition/structuredefinition-standards-status">
        <valueCode value="normative" />
      </extension>
      <extension url="http://hl7.org/fhir/StructureDefinition/structuredefinition-normative-version">
        <valueCode value="4.0.0" />
      </extension>
      <path value="Observation.interpretation.coding.system" />
      <min value="1" />
    </element>
    <element id="Observation.interpretation.coding.code">
      <extension url="http://hl7.org/fhir/StructureDefinition/structuredefinition-standards-status">
        <valueCode value="normative" />
      </extension>
      <extension url="http://hl7.org/fhir/StructureDefinition/structuredefinition-normative-version">
        <valueCode value="4.0.0" />
      </extension>
      <path value="Observation.interpretation.coding.code" />
      <min value="1" />
    </element>
    <element id="Observation.interpretation.coding.display">
      <extension url="http://hl7.org/fhir/StructureDefinition/structuredefinition-standards-status">
        <valueCode value="normative" />
      </extension>
      <extension url="http://hl7.org/fhir/StructureDefinition/structuredefinition-normative-version">
        <valueCode value="4.0.0" />
      </extension>
      <extension url="http://hl7.org/fhir/StructureDefinition/elementdefinition-translatable">
        <valueBoolean value="true" />
      </extension>
      <path value="Observation.interpretation.coding.display" />
      <max value="0" />
    </element>
    <element id="Observation.interpretation.coding.userSelected">
      <extension url="http://hl7.org/fhir/StructureDefinition/structuredefinition-standards-status">
        <valueCode value="normative" />
      </extension>
      <extension url="http://hl7.org/fhir/StructureDefinition/structuredefinition-normative-version">
        <valueCode value="4.0.0" />
      </extension>
      <path value="Observation.interpretation.coding.userSelected" />
      <max value="0" />
    </element>
    <element id="Observation.interpretation.text">
      <extension url="http://hl7.org/fhir/StructureDefinition/structuredefinition-standards-status">
        <valueCode value="normative" />
      </extension>
      <extension url="http://hl7.org/fhir/StructureDefinition/structuredefinition-normative-version">
        <valueCode value="4.0.0" />
      </extension>
      <extension url="http://hl7.org/fhir/StructureDefinition/elementdefinition-translatable">
        <valueBoolean value="true" />
      </extension>
      <path value="Observation.interpretation.text" />
      <max value="0" />
    </element>
    <element id="Observation.note">
      <extension url="http://hl7.org/fhir/StructureDefinition/structuredefinition-standards-status">
        <valueCode value="normative" />
      </extension>
      <extension url="http://hl7.org/fhir/StructureDefinition/structuredefinition-normative-version">
        <valueCode value="4.0.0" />
      </extension>
      <path value="Observation.note" />
      <short value="Notas" />
      <definition value="Comentários sobre os resultados dos exames." />
      <mustSupport value="true" />
    </element>
    <element id="Observation.note.author[x]">
      <extension url="http://hl7.org/fhir/StructureDefinition/structuredefinition-standards-status">
        <valueCode value="normative" />
      </extension>
      <extension url="http://hl7.org/fhir/StructureDefinition/structuredefinition-normative-version">
        <valueCode value="4.0.0" />
      </extension>
      <path value="Observation.note.author[x]" />
      <max value="0" />
    </element>
    <element id="Observation.note.time">
      <extension url="http://hl7.org/fhir/StructureDefinition/structuredefinition-standards-status">
        <valueCode value="normative" />
      </extension>
      <extension url="http://hl7.org/fhir/StructureDefinition/structuredefinition-normative-version">
        <valueCode value="4.0.0" />
      </extension>
      <path value="Observation.note.time" />
      <max value="0" />
    </element>
    <element id="Observation.bodySite">
      <extension url="http://hl7.org/fhir/StructureDefinition/structuredefinition-standards-status">
        <valueCode value="normative" />
      </extension>
      <extension url="http://hl7.org/fhir/StructureDefinition/structuredefinition-normative-version">
        <valueCode value="4.0.0" />
      </extension>
      <path value="Observation.bodySite" />
      <max value="0" />
    </element>
    <element id="Observation.method">
      <extension url="http://hl7.org/fhir/StructureDefinition/structuredefinition-standards-status">
        <valueCode value="normative" />
      </extension>
      <extension url="http://hl7.org/fhir/StructureDefinition/structuredefinition-normative-version">
        <valueCode value="4.0.0" />
      </extension>
      <path value="Observation.method" />
      <short value="Método" />
      <definition value="Método empregado no exame realizado." />
      <min value="1" />
      <mustSupport value="true" />
    </element>
    <element id="Observation.method.coding">
      <extension url="http://hl7.org/fhir/StructureDefinition/structuredefinition-standards-status">
        <valueCode value="normative" />
      </extension>
      <extension url="http://hl7.org/fhir/StructureDefinition/structuredefinition-normative-version">
        <valueCode value="4.0.0" />
      </extension>
      <path value="Observation.method.coding" />
      <max value="0" />
    </element>
    <element id="Observation.method.text">
      <extension url="http://hl7.org/fhir/StructureDefinition/structuredefinition-standards-status">
        <valueCode value="normative" />
      </extension>
      <extension url="http://hl7.org/fhir/StructureDefinition/structuredefinition-normative-version">
        <valueCode value="4.0.0" />
      </extension>
      <extension url="http://hl7.org/fhir/StructureDefinition/elementdefinition-translatable">
        <valueBoolean value="true" />
      </extension>
      <path value="Observation.method.text" />
      <mustSupport value="true" />
    </element>
    <element id="Observation.specimen">
      <extension url="http://hl7.org/fhir/StructureDefinition/structuredefinition-standards-status">
        <valueCode value="normative" />
      </extension>
      <extension url="http://hl7.org/fhir/StructureDefinition/structuredefinition-normative-version">
        <valueCode value="4.0.0" />
      </extension>
      <path value="Observation.specimen" />
      <short value="Amostra" />
      <definition value="A amostra que foi usada quando esta observação foi realizada." />
      <min value="1" />
      <type>
        <code value="Reference" />
        <targetProfile value="http://www.saude.gov.br/fhir/r4/StructureDefinition/BRAmostraBiologica-1.0" />
      </type>
      <mustSupport value="true" />
    </element>
    <element id="Observation.specimen.reference">
      <extension url="http://hl7.org/fhir/StructureDefinition/structuredefinition-standards-status">
        <valueCode value="normative" />
      </extension>
      <extension url="http://hl7.org/fhir/StructureDefinition/structuredefinition-normative-version">
        <valueCode value="4.0.0" />
      </extension>
      <path value="Observation.specimen.reference" />
      <min value="1" />
    </element>
    <element id="Observation.specimen.type">
      <extension url="http://hl7.org/fhir/StructureDefinition/structuredefinition-standards-status">
        <valueCode value="normative" />
      </extension>
      <extension url="http://hl7.org/fhir/StructureDefinition/structuredefinition-normative-version">
        <valueCode value="4.0.0" />
      </extension>
      <path value="Observation.specimen.type" />
      <max value="0" />
    </element>
    <element id="Observation.specimen.identifier">
      <extension url="http://hl7.org/fhir/StructureDefinition/structuredefinition-standards-status">
        <valueCode value="normative" />
      </extension>
      <extension url="http://hl7.org/fhir/StructureDefinition/structuredefinition-normative-version">
        <valueCode value="4.0.0" />
      </extension>
      <path value="Observation.specimen.identifier" />
      <max value="0" />
    </element>
    <element id="Observation.specimen.display">
      <extension url="http://hl7.org/fhir/StructureDefinition/structuredefinition-standards-status">
        <valueCode value="normative" />
      </extension>
      <extension url="http://hl7.org/fhir/StructureDefinition/structuredefinition-normative-version">
        <valueCode value="4.0.0" />
      </extension>
      <extension url="http://hl7.org/fhir/StructureDefinition/elementdefinition-translatable">
        <valueBoolean value="true" />
      </extension>
      <path value="Observation.specimen.display" />
      <max value="0" />
    </element>
    <element id="Observation.device">
      <extension url="http://hl7.org/fhir/StructureDefinition/structuredefinition-standards-status">
        <valueCode value="normative" />
      </extension>
      <extension url="http://hl7.org/fhir/StructureDefinition/structuredefinition-normative-version">
        <valueCode value="4.0.0" />
      </extension>
      <path value="Observation.device" />
      <max value="0" />
    </element>
    <element id="Observation.referenceRange">
      <extension url="http://hl7.org/fhir/StructureDefinition/structuredefinition-standards-status">
        <valueCode value="normative" />
      </extension>
      <extension url="http://hl7.org/fhir/StructureDefinition/structuredefinition-normative-version">
        <valueCode value="4.0.0" />
      </extension>
      <path value="Observation.referenceRange" />
      <short value="Valor de Referência" />
      <definition value="Valores de referência para apoiar na interpretação do resultado." />
      <min value="1" />
      <max value="1" />
      <mustSupport value="true" />
    </element>
    <element id="Observation.referenceRange.low">
      <extension url="http://hl7.org/fhir/StructureDefinition/structuredefinition-standards-status">
        <valueCode value="normative" />
      </extension>
      <extension url="http://hl7.org/fhir/StructureDefinition/structuredefinition-normative-version">
        <valueCode value="4.0.0" />
      </extension>
      <path value="Observation.referenceRange.low" />
      <max value="0" />
    </element>
    <element id="Observation.referenceRange.high">
      <extension url="http://hl7.org/fhir/StructureDefinition/structuredefinition-standards-status">
        <valueCode value="normative" />
      </extension>
      <extension url="http://hl7.org/fhir/StructureDefinition/structuredefinition-normative-version">
        <valueCode value="4.0.0" />
      </extension>
      <path value="Observation.referenceRange.high" />
      <max value="0" />
    </element>
    <element id="Observation.referenceRange.type">
      <extension url="http://hl7.org/fhir/StructureDefinition/structuredefinition-standards-status">
        <valueCode value="normative" />
      </extension>
      <extension url="http://hl7.org/fhir/StructureDefinition/structuredefinition-normative-version">
        <valueCode value="4.0.0" />
      </extension>
      <path value="Observation.referenceRange.type" />
      <max value="0" />
    </element>
    <element id="Observation.referenceRange.appliesTo">
      <extension url="http://hl7.org/fhir/StructureDefinition/structuredefinition-standards-status">
        <valueCode value="normative" />
      </extension>
      <extension url="http://hl7.org/fhir/StructureDefinition/structuredefinition-normative-version">
        <valueCode value="4.0.0" />
      </extension>
      <path value="Observation.referenceRange.appliesTo" />
      <max value="0" />
    </element>
    <element id="Observation.referenceRange.age">
      <extension url="http://hl7.org/fhir/StructureDefinition/structuredefinition-standards-status">
        <valueCode value="normative" />
      </extension>
      <extension url="http://hl7.org/fhir/StructureDefinition/structuredefinition-normative-version">
        <valueCode value="4.0.0" />
      </extension>
      <path value="Observation.referenceRange.age" />
      <max value="0" />
    </element>
    <element id="Observation.referenceRange.text">
      <extension url="http://hl7.org/fhir/StructureDefinition/structuredefinition-standards-status">
        <valueCode value="normative" />
      </extension>
      <extension url="http://hl7.org/fhir/StructureDefinition/structuredefinition-normative-version">
        <valueCode value="4.0.0" />
      </extension>
      <path value="Observation.referenceRange.text" />
      <min value="1" />
    </element>
    <element id="Observation.hasMember">
      <extension url="http://hl7.org/fhir/StructureDefinition/structuredefinition-standards-status">
        <valueCode value="normative" />
      </extension>
      <extension url="http://hl7.org/fhir/StructureDefinition/structuredefinition-normative-version">
        <valueCode value="4.0.0" />
      </extension>
      <path value="Observation.hasMember" />
      <max value="0" />
    </element>
    <element id="Observation.derivedFrom">
      <extension url="http://hl7.org/fhir/StructureDefinition/structuredefinition-standards-status">
        <valueCode value="normative" />
      </extension>
      <extension url="http://hl7.org/fhir/StructureDefinition/structuredefinition-normative-version">
        <valueCode value="4.0.0" />
      </extension>
      <path value="Observation.derivedFrom" />
      <max value="0" />
    </element>
    <element id="Observation.component">
      <extension url="http://hl7.org/fhir/StructureDefinition/structuredefinition-standards-status">
        <valueCode value="normative" />
      </extension>
      <extension url="http://hl7.org/fhir/StructureDefinition/structuredefinition-normative-version">
        <valueCode value="4.0.0" />
      </extension>
      <path value="Observation.component" />
      <max value="0" />
    </element>
  </differential>
</StructureDefinition>