<?xml version="1.0" encoding="utf-8"?>
<StructureDefinition xmlns="http://hl7.org/fhir">
  <id value="abe19423-94f2-490a-911e-a82ff5665164" />
  <meta>
    <versionId value="3" />
    <lastUpdated value="2020-03-13T19:55:15.966+00:00" />
  </meta>
  <language value="pt-BR" />
  <url value="http://www.saude.gov.br/fhir/r4/StructureDefinition/BRLotacaoProfissional-1.0" />
  <version value="1.0" />
  <name value="BRLotacaoProfissional" />
  <title value="Lotação Profissional" />
  <status value="active" />
  <date value="2020-03-13T19:55:40.0631986Z" />
  <publisher value="Ministério da Saúde do Brasil" />
  <description value="Lotação de um profissional em um Estabelecimento de Saúde." />
  <purpose value="É necessário entender o vínculo entre profissionais e seus papéis/cargos/funções de atuação dentro de um Estabelecimento de Saúde." />
  <fhirVersion value="4.0.0" />
  <kind value="resource" />
  <abstract value="false" />
  <type value="PractitionerRole" />
  <baseDefinition value="http://hl7.org/fhir/StructureDefinition/PractitionerRole" />
  <derivation value="constraint" />
  <differential>
    <element id="PractitionerRole">
      <path value="PractitionerRole" />
      <short value="Lotação Profissional" />
      <definition value="Um conjunto específico de funções / locais / especialidades / serviços que um profissional pode executar em uma organização por um período de tempo." />
      <mustSupport value="true" />
    </element>
    <element id="PractitionerRole.extension">
      <path value="PractitionerRole.extension" />
      <slicing>
        <discriminator>
          <type value="value" />
          <path value="url" />
        </discriminator>
        <rules value="open" />
      </slicing>
    </element>
    <element id="PractitionerRole.extension:isSUS">
      <path value="PractitionerRole.extension" />
      <sliceName value="isSUS" />
      <short value="Atende SUS" />
      <definition value="True = Sim; False = Não." />
      <min value="1" />
      <max value="1" />
      <type>
        <code value="Extension" />
        <profile value="http://www.saude.gov.br/fhir/r4/StructureDefinition/BRAtendeSUS-1.0" />
      </type>
      <mustSupport value="true" />
    </element>
    <element id="PractitionerRole.identifier">
      <path value="PractitionerRole.identifier" />
      <max value="0" />
    </element>
    <element id="PractitionerRole.active">
      <path value="PractitionerRole.active" />
      <short value="Registro em Uso" />
      <definition value="Indica se o registro dessa lotação profissional ainda está em uso.&#xD;&#xA;A codição de inativo pode indicar que tanto uma informação errada quanto o profissional não estar mais lotado no Estabelecimento de Saúde." />
      <min value="1" />
      <mustSupport value="true" />
    </element>
    <element id="PractitionerRole.period">
      <path value="PractitionerRole.period" />
      <short value="Período da Lotação" />
      <definition value="Período em que o profissional está ou esteve lotado no Estabelecimento de Saúde." />
      <min value="1" />
      <mustSupport value="true" />
    </element>
    <element id="PractitionerRole.period.start">
      <path value="PractitionerRole.period.start" />
      <short value="Início da Lotação" />
      <definition value="Competência (mês/ano) ou data em que o profissional foi lotado no Estabelecimento de Saúde." />
      <min value="1" />
    </element>
    <element id="PractitionerRole.period.end">
      <path value="PractitionerRole.period.end" />
      <short value="Término da Lotação" />
      <definition value="Competência (mês/ano) ou data em que o profissional foi desligado da lotação no Estabelecimento de Saúde." />
    </element>
    <element id="PractitionerRole.practitioner">
      <path value="PractitionerRole.practitioner" />
      <short value="Profissional" />
      <definition value="O profissional que está ou foi lotado no Estabelecimento de Saúde." />
      <min value="1" />
      <type>
        <code value="Reference" />
        <targetProfile value="http://www.saude.gov.br/fhir/r4/StructureDefinition/BRProfissional-1.0" />
      </type>
      <mustSupport value="true" />
    </element>
    <element id="PractitionerRole.practitioner.reference">
      <path value="PractitionerRole.practitioner.reference" />
      <min value="1" />
    </element>
    <element id="PractitionerRole.practitioner.type">
      <path value="PractitionerRole.practitioner.type" />
      <max value="0" />
    </element>
    <element id="PractitionerRole.practitioner.identifier">
      <path value="PractitionerRole.practitioner.identifier" />
      <max value="0" />
    </element>
    <element id="PractitionerRole.practitioner.display">
      <path value="PractitionerRole.practitioner.display" />
      <max value="0" />
    </element>
    <element id="PractitionerRole.organization">
      <path value="PractitionerRole.organization" />
      <short value="Estabelecimento de Saúde" />
      <definition value="O Estabelecimento de Saúde onde o profissional está ou foi lotado." />
      <min value="1" />
      <type>
        <code value="Reference" />
        <targetProfile value="http://www.saude.gov.br/fhir/r4/StructureDefinition/BREstabelecimentoSaude-1.0" />
      </type>
      <mustSupport value="true" />
    </element>
    <element id="PractitionerRole.organization.reference">
      <path value="PractitionerRole.organization.reference" />
      <min value="1" />
    </element>
    <element id="PractitionerRole.organization.type">
      <path value="PractitionerRole.organization.type" />
      <max value="0" />
    </element>
    <element id="PractitionerRole.organization.identifier">
      <path value="PractitionerRole.organization.identifier" />
      <max value="0" />
    </element>
    <element id="PractitionerRole.organization.display">
      <path value="PractitionerRole.organization.display" />
      <max value="0" />
    </element>
    <element id="PractitionerRole.code">
      <path value="PractitionerRole.code" />
      <short value="Ocupação" />
      <definition value="Ocupação(ões) do indivíduo durante a lotação." />
      <comment value="Uma pessoa pode ter mais de um papel." />
      <min value="1" />
      <mustSupport value="true" />
      <binding>
        <strength value="required" />
        <description value="Ocupacao" />
        <valueSet value="http://www.saude.gov.br/fhir/r4/ValueSet/BROcupacao-1.0" />
      </binding>
    </element>
    <element id="PractitionerRole.code.coding">
      <path value="PractitionerRole.code.coding" />
      <min value="1" />
      <max value="1" />
    </element>
    <element id="PractitionerRole.code.coding.system">
      <path value="PractitionerRole.code.coding.system" />
      <min value="1" />
    </element>
    <element id="PractitionerRole.code.coding.code">
      <path value="PractitionerRole.code.coding.code" />
      <min value="1" />
    </element>
    <element id="PractitionerRole.code.coding.display">
      <path value="PractitionerRole.code.coding.display" />
      <max value="0" />
    </element>
    <element id="PractitionerRole.code.coding.userSelected">
      <path value="PractitionerRole.code.coding.userSelected" />
      <max value="0" />
    </element>
    <element id="PractitionerRole.code.text">
      <path value="PractitionerRole.code.text" />
      <max value="0" />
    </element>
    <element id="PractitionerRole.specialty">
      <path value="PractitionerRole.specialty" />
      <max value="0" />
    </element>
    <element id="PractitionerRole.location">
      <path value="PractitionerRole.location" />
      <max value="0" />
    </element>
    <element id="PractitionerRole.healthcareService">
      <path value="PractitionerRole.healthcareService" />
      <max value="0" />
    </element>
    <element id="PractitionerRole.telecom">
      <path value="PractitionerRole.telecom" />
      <max value="0" />
    </element>
    <element id="PractitionerRole.availableTime">
      <path value="PractitionerRole.availableTime" />
      <max value="0" />
    </element>
    <element id="PractitionerRole.notAvailable">
      <path value="PractitionerRole.notAvailable" />
      <max value="0" />
    </element>
    <element id="PractitionerRole.availabilityExceptions">
      <path value="PractitionerRole.availabilityExceptions" />
      <max value="0" />
    </element>
    <element id="PractitionerRole.endpoint">
      <path value="PractitionerRole.endpoint" />
      <max value="0" />
    </element>
  </differential>
</StructureDefinition>