<?xml version="1.0" encoding="utf-8"?>
<StructureDefinition xmlns="http://hl7.org/fhir">
  <id value="f0d41273-772c-425f-bb60-2507efddff01" />
  <meta>
    <versionId value="2" />
    <lastUpdated value="2020-03-11T02:15:49.967+00:00" />
  </meta>
  <language value="pt-BR" />
  <url value="http://www.saude.gov.br/fhir/r4/StructureDefinition/BRObservacaoDescritiva-1.0" />
  <version value="1.0" />
  <name value="BRObservacaoDescritiva" />
  <title value="Observação Descritiva" />
  <status value="active" />
  <date value="2020-03-11T02:15:49.3292398Z" />
  <publisher value="Ministério da Saúde do Brasil" />
  <description value="Descrições textuais simples sobre um paciente." />
  <fhirVersion value="4.0.0" />
  <kind value="resource" />
  <abstract value="false" />
  <type value="Observation" />
  <baseDefinition value="http://hl7.org/fhir/StructureDefinition/Observation" />
  <derivation value="constraint" />
  <differential>
    <element id="Observation">
      <path value="Observation" />
      <mustSupport value="true" />
    </element>
    <element id="Observation.identifier">
      <path value="Observation.identifier" />
      <max value="0" />
    </element>
    <element id="Observation.basedOn">
      <path value="Observation.basedOn" />
      <max value="0" />
    </element>
    <element id="Observation.partOf">
      <path value="Observation.partOf" />
      <max value="0" />
    </element>
    <element id="Observation.status">
      <path value="Observation.status" />
      <short value="Estado da Observação" />
      <mustSupport value="true" />
      <binding>
        <strength value="required" />
        <description value="Estado da Observação" />
        <valueSet value="http://www.saude.gov.br/fhir/r4/ValueSet//BREstadoObservacao-1.0" />
      </binding>
    </element>
    <element id="Observation.category">
      <path value="Observation.category" />
      <max value="0" />
    </element>
    <element id="Observation.code">
      <path value="Observation.code" />
      <short value="Tipo da Observação" />
      <mustSupport value="true" />
      <binding>
        <strength value="required" />
        <description value="Tipo de Observação" />
        <valueSet value="http://www.saude.gov.br/fhir/r4/CodeSystem/BRTipoObservacao-1.0" />
      </binding>
    </element>
    <element id="Observation.code.coding">
      <path value="Observation.code.coding" />
      <min value="1" />
      <max value="1" />
    </element>
    <element id="Observation.code.coding.system">
      <path value="Observation.code.coding.system" />
      <min value="1" />
    </element>
    <element id="Observation.code.coding.code">
      <path value="Observation.code.coding.code" />
      <min value="1" />
    </element>
    <element id="Observation.code.coding.display">
      <path value="Observation.code.coding.display" />
      <max value="0" />
    </element>
    <element id="Observation.code.coding.userSelected">
      <path value="Observation.code.coding.userSelected" />
      <max value="0" />
    </element>
    <element id="Observation.code.text">
      <path value="Observation.code.text" />
      <max value="0" />
    </element>
    <element id="Observation.subject">
      <path value="Observation.subject" />
      <min value="1" />
      <type>
        <code value="Reference" />
        <targetProfile value="http://www.saude.gov.br/fhir/r4/StructureDefinition/BRIndividuo-1.0" />
      </type>
      <mustSupport value="true" />
    </element>
    <element id="Observation.subject.type">
      <path value="Observation.subject.type" />
      <fixedUri value="Patient" />
    </element>
    <element id="Observation.subject.identifier.use">
      <path value="Observation.subject.identifier.use" />
      <max value="0" />
    </element>
    <element id="Observation.subject.identifier.type">
      <path value="Observation.subject.identifier.type" />
      <max value="0" />
    </element>
    <element id="Observation.subject.identifier.system">
      <path value="Observation.subject.identifier.system" />
      <min value="1" />
    </element>
    <element id="Observation.subject.identifier.value">
      <path value="Observation.subject.identifier.value" />
      <min value="1" />
    </element>
    <element id="Observation.subject.identifier.period">
      <path value="Observation.subject.identifier.period" />
      <max value="0" />
    </element>
    <element id="Observation.subject.identifier.assigner">
      <path value="Observation.subject.identifier.assigner" />
      <max value="0" />
    </element>
    <element id="Observation.subject.display">
      <path value="Observation.subject.display" />
      <max value="0" />
    </element>
    <element id="Observation.focus">
      <path value="Observation.focus" />
      <max value="0" />
    </element>
    <element id="Observation.encounter">
      <path value="Observation.encounter" />
      <max value="0" />
    </element>
    <element id="Observation.effective[x]">
      <path value="Observation.effective[x]" />
      <max value="0" />
    </element>
    <element id="Observation.issued">
      <path value="Observation.issued" />
      <short value="Data/hora da Observação" />
      <definition value="Data ou data e hora que a Observação foi escrita." />
      <min value="1" />
      <mustSupport value="true" />
    </element>
    <element id="Observation.performer">
      <path value="Observation.performer" />
      <max value="0" />
    </element>
    <element id="Observation.value[x]">
      <path value="Observation.value[x]" />
      <short value="Observação" />
      <definition value="Texto da observação." />
      <alias value="Declaração subjetiva do indivíduo para o atendimento" />
      <alias value="Resumo da evolução clínica do indivíduo durante a internação" />
      <alias value="Dados do desfecho" />
      <alias value="Informações adicionais/complementares" />
      <type>
        <code value="string" />
      </type>
      <mustSupport value="true" />
    </element>
    <element id="Observation.dataAbsentReason">
      <path value="Observation.dataAbsentReason" />
      <max value="0" />
    </element>
    <element id="Observation.interpretation">
      <path value="Observation.interpretation" />
      <max value="0" />
    </element>
    <element id="Observation.note">
      <path value="Observation.note" />
      <max value="0" />
    </element>
    <element id="Observation.bodySite">
      <path value="Observation.bodySite" />
      <max value="0" />
    </element>
    <element id="Observation.method">
      <path value="Observation.method" />
      <max value="0" />
    </element>
    <element id="Observation.specimen">
      <path value="Observation.specimen" />
      <max value="0" />
    </element>
    <element id="Observation.device">
      <path value="Observation.device" />
      <max value="0" />
    </element>
    <element id="Observation.referenceRange">
      <path value="Observation.referenceRange" />
      <max value="0" />
    </element>
    <element id="Observation.hasMember">
      <path value="Observation.hasMember" />
      <max value="0" />
    </element>
    <element id="Observation.derivedFrom">
      <path value="Observation.derivedFrom" />
      <max value="0" />
    </element>
    <element id="Observation.component">
      <path value="Observation.component" />
      <max value="0" />
    </element>
  </differential>
</StructureDefinition>