<?xml version="1.0" encoding="utf-8"?>
<StructureDefinition xmlns="http://hl7.org/fhir">
  <url value="http://www.saude.gov.br/fhir/r4/StructureDefinition/BRObservacaoMensurada-1.0" />
  <name value="BRObservacaoMensurada" />
  <status value="draft" />
  <fhirVersion value="4.0.0" />
  <mapping>
    <identity value="workflow" />
    <uri value="http://hl7.org/fhir/workflow" />
    <name value="Workflow Pattern" />
  </mapping>
  <mapping>
    <identity value="sct-concept" />
    <uri value="http://snomed.info/conceptdomain" />
    <name value="SNOMED CT Concept Domain Binding" />
  </mapping>
  <mapping>
    <identity value="v2" />
    <uri value="http://hl7.org/v2" />
    <name value="HL7 v2 Mapping" />
  </mapping>
  <mapping>
    <identity value="rim" />
    <uri value="http://hl7.org/v3" />
    <name value="RIM Mapping" />
  </mapping>
  <mapping>
    <identity value="w5" />
    <uri value="http://hl7.org/fhir/fivews" />
    <name value="FiveWs Pattern Mapping" />
  </mapping>
  <mapping>
    <identity value="sct-attr" />
    <uri value="http://snomed.org/attributebinding" />
    <name value="SNOMED CT Attribute Binding" />
  </mapping>
  <kind value="resource" />
  <abstract value="false" />
  <type value="Observation" />
  <baseDefinition value="http://hl7.org/fhir/StructureDefinition/Observation" />
  <derivation value="constraint" />
  <differential>
    <element id="Observation.extension">
      <path value="Observation.extension" />
      <slicing>
        <discriminator>
          <type value="value" />
          <path value="url" />
        </discriminator>
        <rules value="open" />
      </slicing>
    </element>
    <element id="Observation.extension:myExtension">
      <path value="Observation.extension" />
      <sliceName value="myExtension" />
      <type>
        <code value="Extension" />
        <profile value="http://www.saude.gov.br/fhir/r4/StructureDefinition/BRPosicaoIndividuo-1.0" />
      </type>
    </element>
    <element id="Observation.identifier">
      <path value="Observation.identifier" />
      <max value="0" />
    </element>
    <element id="Observation.identifier.use">
      <path value="Observation.identifier.use" />
      <max value="0" />
    </element>
    <element id="Observation.identifier.type">
      <path value="Observation.identifier.type" />
      <max value="0" />
    </element>
    <element id="Observation.identifier.system">
      <path value="Observation.identifier.system" />
      <max value="0" />
    </element>
    <element id="Observation.identifier.value">
      <path value="Observation.identifier.value" />
      <max value="0" />
    </element>
    <element id="Observation.identifier.period">
      <path value="Observation.identifier.period" />
      <max value="0" />
    </element>
    <element id="Observation.identifier.period.start">
      <path value="Observation.identifier.period.start" />
      <max value="0" />
    </element>
    <element id="Observation.identifier.period.end">
      <path value="Observation.identifier.period.end" />
      <max value="0" />
    </element>
    <element id="Observation.identifier.assigner">
      <path value="Observation.identifier.assigner" />
      <max value="0" />
    </element>
    <element id="Observation.basedOn">
      <path value="Observation.basedOn" />
      <max value="0" />
    </element>
    <element id="Observation.partOf.identifier">
      <path value="Observation.partOf.identifier" />
      <max value="0" />
    </element>
    <element id="Observation.partOf.display">
      <path value="Observation.partOf.display" />
      <max value="0" />
    </element>
    <element id="Observation.category">
      <path value="Observation.category" />
      <short value="Classificação do tipo de observação" />
      <definition value="Um código que classifica o tipo geral de observação que está sendo feita." />
      <binding>
        <strength value="required" />
        <description value="Tipo de observação." />
        <valueSet value="http://www.saude.gov.br/fhir/r4/ValueSet/BRTipoObservcacao-1.0" />
      </binding>
    </element>
    <element id="Observation.category.coding.display">
      <path value="Observation.category.coding.display" />
      <max value="0" />
    </element>
    <element id="Observation.category.coding.userSelected">
      <path value="Observation.category.coding.userSelected" />
      <max value="0" />
    </element>
    <element id="Observation.category.text">
      <path value="Observation.category.text" />
      <max value="0" />
    </element>
    <element id="Observation.focus">
      <path value="Observation.focus" />
      <max value="0" />
    </element>
    <element id="Observation.effective[x]">
      <path value="Observation.effective[x]" />
      <max value="0" />
    </element>
    <element id="Observation.dataAbsentReason">
      <path value="Observation.dataAbsentReason" />
      <max value="0" />
    </element>
    <element id="Observation.interpretation">
      <path value="Observation.interpretation" />
      <max value="0" />
    </element>
    <element id="Observation.note">
      <path value="Observation.note" />
      <max value="0" />
    </element>
    <element id="Observation.bodySite">
      <path value="Observation.bodySite" />
      <short value="Parte do corpo observada" />
      <definition value="Indica o local no corpo do sujeito onde a observação foi feita (ou seja, o local de destino da ação)." />
      <binding>
        <strength value="required" />
        <description value="Código que descreve a loalização anatômica na aferição." />
        <valueSet value="http://www.saude.gov.br/fhir/r4/ValueSet/BRLocalAfericao-1.0" />
      </binding>
    </element>
    <element id="Observation.bodySite.coding.display">
      <path value="Observation.bodySite.coding.display" />
      <max value="0" />
    </element>
    <element id="Observation.bodySite.coding.userSelected">
      <path value="Observation.bodySite.coding.userSelected" />
      <max value="0" />
    </element>
    <element id="Observation.bodySite.text">
      <path value="Observation.bodySite.text" />
      <max value="0" />
    </element>
    <element id="Observation.method">
      <path value="Observation.method" />
      <max value="0" />
    </element>
    <element id="Observation.specimen">
      <path value="Observation.specimen" />
      <max value="0" />
    </element>
    <element id="Observation.device">
      <path value="Observation.device" />
      <max value="0" />
    </element>
    <element id="Observation.referenceRange">
      <path value="Observation.referenceRange" />
      <max value="0" />
    </element>
    <element id="Observation.hasMember">
      <path value="Observation.hasMember" />
      <max value="0" />
    </element>
    <element id="Observation.derivedFrom">
      <path value="Observation.derivedFrom" />
      <max value="0" />
    </element>
    <element id="Observation.component">
      <path value="Observation.component" />
      <max value="0" />
    </element>
  </differential>
</StructureDefinition>